{
    "model_name": "DenseNet121",
    "epochs": 75,
    "batch_size": 16,
    "learning_rate": 0.001,
    "fine_tune": false,
    "timestamp": "2025-02-04 17:31:08",
    "train_val_split": "Training (80%) | Validation (20%)",
    "training_history": {
        "loss": [
            0.25085437297821045,
            0.039963558316230774,
            0.028917215764522552,
            0.031138407066464424,
            0.02271982841193676,
            0.02255949191749096,
            0.014166153036057949,
            0.021040035411715508,
            0.017098654061555862,
            0.018931128084659576,
            0.014233868569135666,
            0.016998345032334328,
            0.014355613850057125,
            0.01620500348508358
        ],
        "accuracy": [
            0.940750002861023,
            0.9889583587646484,
            0.9911666512489319,
            0.9902499914169312,
            0.9924583435058594,
            0.9925416707992554,
            0.9954166412353516,
            0.9929166436195374,
            0.9950000047683716,
            0.9932500123977661,
            0.9958333373069763,
            0.9942083358764648,
            0.9955416917800903,
            0.9954166412353516
        ],
        "precision": [
            0.9803885817527771,
            0.9900555610656738,
            0.9921539425849915,
            0.9911112785339355,
            0.9929107427597046,
            0.9927040934562683,
            0.9955403804779053,
            0.9932454824447632,
            0.995123565196991,
            0.9933319687843323,
            0.9959158301353455,
            0.9942907094955444,
            0.9956244826316833,
            0.9955824017524719
        ],
        "recall": [
            0.893583357334137,
            0.987291693687439,
            0.9905416369438171,
            0.9895833134651184,
            0.9920833110809326,
            0.9921249747276306,
            0.9952499866485596,
            0.9925833344459534,
            0.9948333501815796,
            0.9931250214576721,
            0.9957083463668823,
            0.9941250085830688,
            0.9955000281333923,
            0.9953749775886536
        ],
        "val_loss": [
            0.1465626060962677,
            0.08223751187324524,
            0.07053525000810623,
            0.042556289583444595,
            0.05208621174097061,
            0.0896003395318985,
            0.042110323905944824,
            0.06465624272823334,
            0.03373091667890549,
            0.0885855183005333,
            0.05120648071169853,
            0.07918646186590195,
            0.04010104015469551,
            0.09204429388046265
        ],
        "val_accuracy": [
            0.953499972820282,
            0.9733333587646484,
            0.9779999852180481,
            0.9866666793823242,
            0.9838333129882812,
            0.9728333353996277,
            0.9888333082199097,
            0.98416668176651,
            0.9888333082199097,
            0.9776666760444641,
            0.9871666431427002,
            0.9819999933242798,
            0.987500011920929,
            0.9798333048820496
        ],
        "val_precision": [
            0.9621134996414185,
            0.9765533208847046,
            0.9805922508239746,
            0.9894507527351379,
            0.9871151447296143,
            0.9749248027801514,
            0.9901354312896729,
            0.9848054647445679,
            0.9896563291549683,
            0.9784712791442871,
            0.9889761209487915,
            0.9832943677902222,
            0.9884865880012512,
            0.9801600575447083
        ],
        "val_recall": [
            0.9438333511352539,
            0.971833348274231,
            0.9768333435058594,
            0.9848333597183228,
            0.9831666946411133,
            0.972000002861023,
            0.9869999885559082,
            0.9829999804496765,
            0.9886666536331177,
            0.9771666526794434,
            0.9868333339691162,
            0.9810000061988831,
            0.987333357334137,
            0.9798333048820496
        ]
    }
}