{
    "model_name": "MobileNetV2",
    "epochs": 75,
    "batch_size": 16,
    "learning_rate": 0.001,
    "fine_tune": false,
    "timestamp": "2025-02-04 17:01:42",
    "train_val_split": "Training (80%) | Validation (20%)",
    "training_history": {
        "loss": [
            0.16576659679412842,
            0.03849295154213905,
            0.03133505582809448,
            0.033876482397317886,
            0.027279945090413094,
            0.02672150731086731,
            0.019694097340106964,
            0.022186551243066788,
            0.022456977516412735,
            0.017232464626431465,
            0.017013875767588615
        ],
        "accuracy": [
            0.9539166688919067,
            0.9867916703224182,
            0.9896666407585144,
            0.9894166588783264,
            0.9913333058357239,
            0.9917500019073486,
            0.9937083125114441,
            0.9923333525657654,
            0.9937083125114441,
            0.9946666955947876,
            0.9947500228881836
        ],
        "precision": [
            0.9775868654251099,
            0.9876847267150879,
            0.9902807474136353,
            0.9899482727050781,
            0.9915801882743835,
            0.9920783638954163,
            0.9938734769821167,
            0.9924975037574768,
            0.9937900900840759,
            0.9948735237121582,
            0.9948320388793945
        ],
        "recall": [
            0.9341250061988831,
            0.9857916831970215,
            0.9891666769981384,
            0.9889583587646484,
            0.9912083148956299,
            0.9914583563804626,
            0.9936249852180481,
            0.9921666383743286,
            0.9935416579246521,
            0.9945833086967468,
            0.9945833086967468
        ],
        "val_loss": [
            0.06784190237522125,
            0.08069034665822983,
            0.07148095965385437,
            0.14530524611473083,
            0.04876280575990677,
            0.03397473320364952,
            0.09646261483430862,
            0.054722853004932404,
            0.08940589427947998,
            0.06769829988479614,
            0.0793089047074318
        ],
        "val_accuracy": [
            0.9825000166893005,
            0.9788333177566528,
            0.981166660785675,
            0.9653333425521851,
            0.9896666407585144,
            0.9919999837875366,
            0.9756666421890259,
            0.9856666922569275,
            0.9833333492279053,
            0.9858333468437195,
            0.9835000038146973
        ],
        "val_precision": [
            0.9844455718994141,
            0.9811099767684937,
            0.9824649095535278,
            0.9673858284950256,
            0.9899966716766357,
            0.992329478263855,
            0.9766393899917603,
            0.9863196611404419,
            0.983819842338562,
            0.9866488575935364,
            0.9844766855239868
        ],
        "val_recall": [
            0.9810000061988831,
            0.9781666398048401,
            0.9804999828338623,
            0.9639999866485596,
            0.9896666407585144,
            0.9918333292007446,
            0.9754999876022339,
            0.9853333234786987,
            0.9829999804496765,
            0.9853333234786987,
            0.9829999804496765
        ]
    }
}