{
    "model_name": "VGG16",
    "epochs": 150,
    "batch_size": 16,
    "learning_rate": 0.001,
    "fine_tune": false,
    "timestamp": "2025-02-04 13:04:28",
    "train_val_split": "Training (80%) | Validation (20%)",
    "training_history": {
        "loss": [
            0.9514657258987427,
            0.13835132122039795,
            0.0583171471953392,
            0.03360375016927719,
            0.02366724982857704,
            0.016974221915006638,
            0.014754441566765308,
            0.011265287175774574,
            0.011335539631545544,
            0.008036172948777676,
            0.007382371928542852,
            0.007493292912840843,
            0.007133277133107185,
            0.0052434722892940044,
            0.005416318774223328,
            0.00689585879445076,
            0.0052649532444775105,
            0.004465858917683363,
            0.006243755109608173,
            0.0037657797802239656,
            0.004878099542111158
        ],
        "accuracy": [
            0.8149583339691162,
            0.9809583425521851,
            0.9919999837875366,
            0.9945416450500488,
            0.9955416917800903,
            0.9966250061988831,
            0.9966250061988831,
            0.9978333115577698,
            0.996916651725769,
            0.9981250166893005,
            0.9980416893959045,
            0.9980000257492065,
            0.9979166388511658,
            0.9987916946411133,
            0.9987916946411133,
            0.9981666803359985,
            0.9987083077430725,
            0.9989166855812073,
            0.9979583621025085,
            0.9989166855812073,
            0.9986249804496765
        ],
        "precision": [
            0.9870505928993225,
            0.9906818866729736,
            0.99483323097229,
            0.995945155620575,
            0.9965758919715881,
            0.9973300099372864,
            0.997247040271759,
            0.9981651306152344,
            0.9971227049827576,
            0.9983323812484741,
            0.9982077479362488,
            0.9980827569961548,
            0.9981657266616821,
            0.9990414381027222,
            0.9989164471626282,
            0.9982081055641174,
            0.9987081289291382,
            0.998916506767273,
            0.9981245994567871,
            0.9989582300186157,
            0.9986664652824402
        ],
        "recall": [
            0.5399166941642761,
            0.9612916707992554,
            0.9867916703224182,
            0.9927083253860474,
            0.9944166541099548,
            0.9960833191871643,
            0.9961666464805603,
            0.9973333477973938,
            0.9963333606719971,
            0.9977499842643738,
            0.9978749752044678,
            0.9977916479110718,
            0.9976666569709778,
            0.9987916946411133,
            0.9987083077430725,
            0.9980833530426025,
            0.9985416531562805,
            0.9987916946411133,
            0.9979166388511658,
            0.9988750219345093,
            0.9984999895095825
        ],
        "val_loss": [
            0.3022972047328949,
            0.12470090389251709,
            0.0790480524301529,
            0.05404124781489372,
            0.05518290773034096,
            0.05882813408970833,
            0.03476465120911598,
            0.04290175437927246,
            0.0318899042904377,
            0.02234150469303131,
            0.028354041278362274,
            0.04177667200565338,
            0.02682819589972496,
            0.03341464325785637,
            0.022326448932290077,
            0.01713724248111248,
            0.023073595017194748,
            0.030445842072367668,
            0.022885551676154137,
            0.034798093140125275,
            0.01719290018081665
        ],
        "val_accuracy": [
            0.9473333358764648,
            0.9754999876022339,
            0.981333315372467,
            0.9881666898727417,
            0.9854999780654907,
            0.9851666688919067,
            0.9901666641235352,
            0.9860000014305115,
            0.9915000200271606,
            0.9928333163261414,
            0.9921666383743286,
            0.9865000247955322,
            0.9913333058357239,
            0.9900000095367432,
            0.9946666955947876,
            0.9951666593551636,
            0.9944999814033508,
            0.9938333630561829,
            0.9916666746139526,
            0.9896666407585144,
            0.9948333501815796
        ],
        "val_precision": [
            0.9851190447807312,
            0.9873135685920715,
            0.9898528456687927,
            0.9919422268867493,
            0.9886135458946228,
            0.9884286522865295,
            0.9926421642303467,
            0.9891176819801331,
            0.993151843547821,
            0.9941549897193909,
            0.9936550259590149,
            0.9887959957122803,
            0.992157518863678,
            0.9909864664077759,
            0.9959906339645386,
            0.9961596131324768,
            0.9954954981803894,
            0.994329571723938,
            0.9929906725883484,
            0.9914715886116028,
            0.9953302145004272
        ],
        "val_recall": [
            0.8826666474342346,
            0.9598333239555359,
            0.9754999876022339,
            0.9848333597183228,
            0.984000027179718,
            0.9823333621025085,
            0.9893333315849304,
            0.984666645526886,
            0.9909999966621399,
            0.9921666383743286,
            0.9918333292007446,
            0.9854999780654907,
            0.9909999966621399,
            0.9894999861717224,
            0.9936666488647461,
            0.9943333268165588,
            0.9944999814033508,
            0.9936666488647461,
            0.9916666746139526,
            0.9881666898727417,
            0.9946666955947876
        ]
    }
}