{
    "model_name": "MobileNetV2",
    "epochs": 100,
    "batch_size": 16,
    "learning_rate": 0.001,
    "fine_tune": false,
    "timestamp": "2025-02-08 11:21:36",
    "train_val_split": "Training (80%) | Validation (20%)",
    "training_history": {
        "loss": [
            0.06189420819282532,
            0.019504806026816368,
            0.015601394698023796,
            0.014568453654646873,
            0.012811103835701942,
            0.013361280784010887
        ],
        "accuracy": [
            0.9826750159263611,
            0.9941250085830688,
            0.9950624704360962,
            0.9956874847412109,
            0.9964249730110168,
            0.9963499903678894
        ],
        "precision": [
            0.9889732599258423,
            0.9943597912788391,
            0.9952611327171326,
            0.9957989454269409,
            0.9964995384216309,
            0.9964370727539062
        ],
        "recall": [
            0.9764875173568726,
            0.9938874840736389,
            0.9949749708175659,
            0.9955499768257141,
            0.9963750243186951,
            0.9963124990463257
        ],
        "val_loss": [
            0.022143544629216194,
            0.03245420381426811,
            0.02284432202577591,
            0.038985416293144226,
            0.055526524782180786,
            0.028934087604284286
        ],
        "val_accuracy": [
            0.9922500252723694,
            0.9898999929428101,
            0.9936500191688538,
            0.9907500147819519,
            0.9874500036239624,
            0.9922000169754028
        ],
        "val_precision": [
            0.9926937818527222,
            0.9903437495231628,
            0.9938475489616394,
            0.9908972978591919,
            0.9877432584762573,
            0.9923961758613586
        ],
        "val_recall": [
            0.9918500185012817,
            0.9897000193595886,
            0.9934499859809875,
            0.9905999898910522,
            0.9872000217437744,
            0.9919000267982483
        ]
    }
}