{
    "model_name": "DenseNet121",
    "epochs": 50,
    "batch_size": 16,
    "learning_rate": 0.001,
    "fine_tune": false,
    "timestamp": "2025-02-14 15:16:12",
    "train_val_split": "Training (80%) | Validation (20%)",
    "training_history": {
        "loss": [
            0.22259372472763062,
            0.03368267044425011,
            0.02737024426460266,
            0.021447740495204926,
            0.01662796549499035,
            0.02096371166408062,
            0.017211951315402985,
            0.015993138775229454,
            0.016162123531103134,
            0.016795706003904343,
            0.012453979812562466,
            0.014533850364387035,
            0.011172037571668625,
            0.013763953000307083,
            0.009631502442061901,
            0.014664757996797562,
            0.010085769928991795
        ],
        "accuracy": [
            0.9473958611488342,
            0.9901041388511658,
            0.9918527007102966,
            0.9931919574737549,
            0.9944568276405334,
            0.992559552192688,
            0.9945312738418579,
            0.9952008724212646,
            0.9951636791229248,
            0.9946056604385376,
            0.9957961440086365,
            0.9955729246139526,
            0.9960193634033203,
            0.9956101179122925,
            0.9974330067634583,
            0.9956101179122925,
            0.9965401887893677
        ],
        "precision": [
            0.9842364192008972,
            0.9914233684539795,
            0.9923644065856934,
            0.9935229420661926,
            0.9947883486747742,
            0.9928906559944153,
            0.9946038722991943,
            0.995347797870636,
            0.9953481554985046,
            0.9947158694267273,
            0.9958328604698181,
            0.9956468343734741,
            0.9961303472518921,
            0.995757520198822,
            0.9974698424339294,
            0.9957582950592041,
            0.9965400695800781
        ],
        "recall": [
            0.9082217216491699,
            0.9890996813774109,
            0.9911830425262451,
            0.9929315447807312,
            0.9941592216491699,
            0.992373526096344,
            0.9942708611488342,
            0.994940459728241,
            0.9950149059295654,
            0.9944568276405334,
            0.995721697807312,
            0.9955357313156128,
            0.9959821701049805,
            0.9954240918159485,
            0.9973214268684387,
            0.9956101179122925,
            0.9965029954910278
        ],
        "val_loss": [
            0.12634585797786713,
            0.05869229510426521,
            0.05374038219451904,
            0.050290849059820175,
            0.029355205595493317,
            0.042176201939582825,
            0.03775954991579056,
            0.03311232849955559,
            0.05799894779920578,
            0.028866400942206383,
            0.03968770056962967,
            0.060941316187381744,
            0.09610851109027863,
            0.03550567477941513,
            0.0392284169793129,
            0.04184162989258766,
            0.03358229622244835
        ],
        "val_accuracy": [
            0.9601190686225891,
            0.9824404716491699,
            0.9830357432365417,
            0.9845238327980042,
            0.9916666746139526,
            0.9855654835700989,
            0.9882440567016602,
            0.9916666746139526,
            0.9830357432365417,
            0.991220235824585,
            0.9897321462631226,
            0.9848214387893677,
            0.9757440686225891,
            0.9913690686225891,
            0.9876487851142883,
            0.9892857074737549,
            0.9913690686225891
        ],
        "val_precision": [
            0.9674060940742493,
            0.9854834079742432,
            0.9847784042358398,
            0.9859722256660461,
            0.9925462007522583,
            0.9867302775382996,
            0.9898552894592285,
            0.992106020450592,
            0.9833184480667114,
            0.9913651943206787,
            0.9904662370681763,
            0.9857015013694763,
            0.9773303270339966,
            0.9918106198310852,
            0.9880864024162292,
            0.9901654124259949,
            0.9915153384208679
        ],
        "val_recall": [
            0.9540178775787354,
            0.9799107313156128,
            0.9819940328598022,
            0.9831845164299011,
            0.9907737970352173,
            0.9848214387893677,
            0.9873511791229248,
            0.991220235824585,
            0.9824404716491699,
            0.9909226298332214,
            0.989434540271759,
            0.9848214387893677,
            0.9751487970352173,
            0.991220235824585,
            0.9873511791229248,
            0.9888392686843872,
            0.991220235824585
        ]
    }
}