{
    "model_name": "FusionModel",
    "epochs": 75,
    "batch_size": 16,
    "learning_rate": 0.001,
    "fine_tune": false,
    "timestamp": "2025-02-14 14:09:00",
    "train_val_split": "Training (80%) | Validation (20%)",
    "training_history": {
        "loss": [
            0.9624530673027039,
            0.38580358028411865,
            0.3034985363483429,
            0.26842305064201355,
            0.24344977736473083,
            0.22978907823562622,
            0.21961535513401031,
            0.21004551649093628,
            0.19846071302890778,
            0.1972142904996872,
            0.187519833445549,
            0.18927790224552155,
            0.1891733855009079,
            0.1854979395866394,
            0.1866893619298935,
            0.17712950706481934,
            0.17701180279254913,
            0.16478975117206573,
            0.16662532091140747,
            0.177957683801651
        ],
        "accuracy": [
            0.6909598112106323,
            0.8680059313774109,
            0.8958333134651184,
            0.9104166626930237,
            0.9203125238418579,
            0.9236978888511658,
            0.9282366037368774,
            0.9331101179122925,
            0.937127947807312,
            0.937686026096344,
            0.9414434432983398,
            0.942001461982727,
            0.9433035850524902,
            0.944345235824585,
            0.9456101059913635,
            0.9486979246139526,
            0.9481399059295654,
            0.9501488208770752,
            0.9511532783508301,
            0.9491071701049805
        ],
        "precision": [
            0.854864776134491,
            0.9046891331672668,
            0.9219655394554138,
            0.9326643943786621,
            0.9376296997070312,
            0.9405218958854675,
            0.9436042904853821,
            0.946280837059021,
            0.948957085609436,
            0.950102686882019,
            0.9520464539527893,
            0.9533789157867432,
            0.9537644386291504,
            0.9546419382095337,
            0.9553239941596985,
            0.9572873115539551,
            0.9573018550872803,
            0.9593803286552429,
            0.9592608213424683,
            0.9582167267799377
        ],
        "recall": [
            0.5903273820877075,
            0.836904764175415,
            0.8760044574737549,
            0.8955729007720947,
            0.9077008962631226,
            0.9118303656578064,
            0.9168899059295654,
            0.9233630895614624,
            0.9274925589561462,
            0.9293898940086365,
            0.9328497052192688,
            0.9342262148857117,
            0.9354910850524902,
            0.9372395873069763,
            0.9379092454910278,
            0.9405133724212646,
            0.9408482313156128,
            0.9445684552192688,
            0.9443080425262451,
            0.9427455067634583
        ],
        "val_loss": [
            0.16680067777633667,
            0.08276184648275375,
            0.06656081229448318,
            0.08090280741453171,
            0.051542140543460846,
            0.07511240243911743,
            0.0607573501765728,
            0.03822890296578407,
            0.03781804069876671,
            0.040699806064367294,
            0.033127106726169586,
            0.03990774601697922,
            0.02637661062180996,
            0.02838626503944397,
            0.03538859635591507,
            0.04936391860246658,
            0.04702991619706154,
            0.05018300563097,
            0.03395955264568329,
            0.03207320347428322
        ],
        "val_accuracy": [
            0.953125,
            0.9813988208770752,
            0.9845238327980042,
            0.9752976298332214,
            0.9876487851142883,
            0.9791666865348816,
            0.9848214387893677,
            0.9906250238418579,
            0.9900297522544861,
            0.9909226298332214,
            0.9916666746139526,
            0.9907737970352173,
            0.9944940209388733,
            0.9934523701667786,
            0.9897321462631226,
            0.988095223903656,
            0.9906250238418579,
            0.9909226298332214,
            0.9933035969734192,
            0.993154764175415
        ],
        "val_precision": [
            0.9672432541847229,
            0.9872238039970398,
            0.98890221118927,
            0.9809509515762329,
            0.9911782145500183,
            0.9817583560943604,
            0.9877374172210693,
            0.9932785630226135,
            0.9935705661773682,
            0.9929724931716919,
            0.9935820698738098,
            0.9932765364646912,
            0.9952303171157837,
            0.9955230355262756,
            0.9923800826072693,
            0.9910380840301514,
            0.9944652318954468,
            0.9926931262016296,
            0.9953731298446655,
            0.9955230355262756
        ],
        "val_recall": [
            0.9403274059295654,
            0.9773809313774109,
            0.981249988079071,
            0.9732142686843872,
            0.9864583611488342,
            0.9770833253860474,
            0.9828869104385376,
            0.9895833134651184,
            0.9888392686843872,
            0.9882440567016602,
            0.9906250238418579,
            0.9892857074737549,
            0.9936012029647827,
            0.9927083253860474,
            0.9883928298950195,
            0.9873511791229248,
            0.9892857074737549,
            0.9906250238418579,
            0.9924107193946838,
            0.9927083253860474
        ]
    }
}