{
    "model_name": "MobileNet",
    "epochs": 75,
    "batch_size": 16,
    "learning_rate": 0.001,
    "fine_tune": false,
    "timestamp": "2025-02-14 16:33:16",
    "train_val_split": "Training (80%) | Validation (20%)",
    "training_history": {
        "loss": [
            0.12309668958187103,
            0.017902472987771034,
            0.012328567914664745,
            0.015219075605273247,
            0.009248237125575542,
            0.009842556901276112,
            0.010049804113805294,
            0.008042553439736366,
            0.008140082471072674,
            0.006876289378851652,
            0.005929340608417988,
            0.008309031836688519,
            0.0035244591999799013
        ],
        "accuracy": [
            0.9726934432983398,
            0.995312511920929,
            0.9963541626930237,
            0.9950520992279053,
            0.9973214268684387,
            0.9972842335700989,
            0.9967634081840515,
            0.9985491037368774,
            0.9971725940704346,
            0.9978050589561462,
            0.9983258843421936,
            0.9976562261581421,
            0.9990699291229248
        ],
        "precision": [
            0.9925118088722229,
            0.9956440925598145,
            0.9965762495994568,
            0.9952737092971802,
            0.9974325299263,
            0.9973584413528442,
            0.996837317943573,
            0.9986976981163025,
            0.9972097277641296,
            0.9978048801422119,
            0.9983258247375488,
            0.9977304935455322,
            0.9991071224212646
        ],
        "recall": [
            0.9516741037368774,
            0.9949032664299011,
            0.9962425827980042,
            0.994940459728241,
            0.997247040271759,
            0.9972842335700989,
            0.996688961982727,
            0.9985491037368774,
            0.9971725940704346,
            0.9977306723594666,
            0.9982886910438538,
            0.9976562261581421,
            0.9990699291229248
        ],
        "val_loss": [
            0.031803425401449203,
            0.02328449860215187,
            0.027434000745415688,
            0.04201420769095421,
            0.04830949380993843,
            0.011858544312417507,
            0.028194252401590347,
            0.031149042770266533,
            0.025179779157042503,
            0.11640574038028717,
            0.015633611008524895,
            0.14474235475063324,
            0.02298843488097191
        ],
        "val_accuracy": [
            0.9910714030265808,
            0.9934523701667786,
            0.9927083253860474,
            0.9882440567016602,
            0.9846726059913635,
            0.9958333373069763,
            0.9936012029647827,
            0.9937499761581421,
            0.9943452477455139,
            0.9821428656578064,
            0.9961309432983398,
            0.972470223903656,
            0.996279776096344
        ],
        "val_precision": [
            0.9941660165786743,
            0.9958202838897705,
            0.9929996728897095,
            0.9888309836387634,
            0.9849568009376526,
            0.9961292147636414,
            0.9938951730728149,
            0.9937499761581421,
            0.9946404695510864,
            0.9828639626502991,
            0.9962786436080933,
            0.9728884100914001,
            0.9964275360107422
        ],
        "val_recall": [
            0.9889881014823914,
            0.9927083253860474,
            0.9921131134033203,
            0.988095223903656,
            0.9840773940086365,
            0.9956845045089722,
            0.9933035969734192,
            0.9937499761581421,
            0.9941964149475098,
            0.9815475940704346,
            0.9959821701049805,
            0.971875011920929,
            0.9961309432983398
        ]
    }
}