{
    "model_name": "MobileNetV2",
    "epochs": 75,
    "batch_size": 16,
    "learning_rate": 0.001,
    "fine_tune": false,
    "timestamp": "2025-02-14 11:20:44",
    "train_val_split": "Training (80%) | Validation (20%)",
    "training_history": {
        "loss": [
            0.14373628795146942,
            0.030851272866129875,
            0.029980000108480453,
            0.020478082820773125,
            0.02354869246482849,
            0.02180965058505535,
            0.019749479368329048,
            0.020712094381451607,
            0.014015949331223965,
            0.018956342712044716,
            0.01369084045290947,
            0.015573154203593731
        ],
        "accuracy": [
            0.9600818157196045,
            0.9894717335700989,
            0.9902157783508301,
            0.9927083253860474,
            0.992373526096344,
            0.9934151768684387,
            0.9940476417541504,
            0.9934895634651184,
            0.995312511920929,
            0.994940459728241,
            0.9961681365966797,
            0.995312511920929
        ],
        "precision": [
            0.9808816313743591,
            0.9903846383094788,
            0.9908024668693542,
            0.9930022954940796,
            0.9927031993865967,
            0.9937102198600769,
            0.9942687153816223,
            0.9935985803604126,
            0.9954232573509216,
            0.9950881600379944,
            0.996241569519043,
            0.9954232573509216
        ],
        "recall": [
            0.9428943395614624,
            0.9886160492897034,
            0.9898809790611267,
            0.9924851059913635,
            0.992001473903656,
            0.9933035969734192,
            0.9938988089561462,
            0.9931919574737549,
            0.9952380657196045,
            0.9948660731315613,
            0.9959821701049805,
            0.9952380657196045
        ],
        "val_loss": [
            0.06345249712467194,
            0.09230604022741318,
            0.04841793701052666,
            0.09884946793317795,
            0.03857620060443878,
            0.022663399577140808,
            0.03985597938299179,
            0.049165625125169754,
            0.04499570652842522,
            0.07842464745044708,
            0.04397575184702873,
            0.031791556626558304
        ],
        "val_accuracy": [
            0.9816964268684387,
            0.9735119342803955,
            0.9857142567634583,
            0.9779762029647827,
            0.9900297522544861,
            0.9928571581840515,
            0.991220235824585,
            0.9877976179122925,
            0.992559552192688,
            0.989434540271759,
            0.9930059313774109,
            0.9916666746139526
        ],
        "val_precision": [
            0.9850500822067261,
            0.9759629964828491,
            0.9876119494438171,
            0.9792815446853638,
            0.9910581111907959,
            0.9932975769042969,
            0.9918106198310852,
            0.9885297417640686,
            0.9929986596107483,
            0.9901698231697083,
            0.9933005571365356,
            0.9919618964195251
        ],
        "val_recall": [
            0.9805059432983398,
            0.9727678298950195,
            0.9846726059913635,
            0.9776785969734192,
            0.9895833134651184,
            0.9924107193946838,
            0.991220235824585,
            0.987500011920929,
            0.9919642806053162,
            0.9892857074737549,
            0.9928571581840515,
            0.9916666746139526
        ]
    }
}