{
    "model_name": "NASNetMobile",
    "epochs": 75,
    "batch_size": 16,
    "learning_rate": 0.001,
    "fine_tune": false,
    "timestamp": "2025-02-14 17:14:59",
    "train_val_split": "Training (80%) | Validation (20%)",
    "training_history": {
        "loss": [
            0.34833449125289917,
            0.10300226509571075,
            0.07625048607587814,
            0.06991998851299286,
            0.06135040894150734,
            0.05371837317943573,
            0.051439132541418076,
            0.0458047017455101,
            0.04949672892689705,
            0.04605460539460182,
            0.0468410886824131,
            0.039739854633808136,
            0.040198422968387604,
            0.04090852290391922,
            0.036461688578128815,
            0.03596898168325424,
            0.03440975397825241,
            0.03932247683405876
        ],
        "accuracy": [
            0.9045014977455139,
            0.9671875238418579,
            0.973251461982727,
            0.9769717454910278,
            0.980096697807312,
            0.9809151887893677,
            0.9827008843421936,
            0.9857887029647827,
            0.9827008843421936,
            0.984375,
            0.9838541746139526,
            0.9865699410438538,
            0.9862351417541504,
            0.9866815209388733,
            0.9877604246139526,
            0.987909197807312,
            0.9885044693946838,
            0.9873883724212646
        ],
        "precision": [
            0.9604127407073975,
            0.9727125763893127,
            0.9768234491348267,
            0.979370653629303,
            0.9817380309104919,
            0.9823579788208008,
            0.9842228889465332,
            0.98691326379776,
            0.9837874174118042,
            0.9852448105812073,
            0.9850162267684937,
            0.9871537089347839,
            0.9873639345169067,
            0.9873351454734802,
            0.9881182909011841,
            0.9884192943572998,
            0.989164412021637,
            0.9878239631652832
        ],
        "recall": [
            0.8484002947807312,
            0.9614583253860474,
            0.9705728888511658,
            0.9749255776405334,
            0.9779762029647827,
            0.9798362851142883,
            0.9816964268684387,
            0.984747052192688,
            0.9819940328598022,
            0.9837053418159485,
            0.9831473231315613,
            0.9862723350524902,
            0.9854538440704346,
            0.9860863089561462,
            0.9869419932365417,
            0.987500011920929,
            0.98828125,
            0.9869419932365417
        ],
        "val_loss": [
            0.2625061273574829,
            0.11828860640525818,
            0.11196323484182358,
            0.16105858981609344,
            0.10346205532550812,
            0.10068085789680481,
            0.13509897887706757,
            0.11379150301218033,
            0.11377366632223129,
            0.16697491705417633,
            0.10026761889457703,
            0.17664791643619537,
            0.12242349237203598,
            0.13614524900913239,
            0.12202541530132294,
            0.14101937413215637,
            0.11595668643712997,
            0.1087980717420578
        ],
        "val_accuracy": [
            0.9065476059913635,
            0.9630952477455139,
            0.9645833373069763,
            0.945684552192688,
            0.9708333611488342,
            0.9690476059913635,
            0.9644345045089722,
            0.9675595164299011,
            0.9678571224212646,
            0.953720211982727,
            0.9744047522544861,
            0.9519345164299011,
            0.9709821343421936,
            0.9669643044471741,
            0.9686011672019958,
            0.968154788017273,
            0.9711309671401978,
            0.9721726179122925
        ],
        "val_precision": [
            0.925331711769104,
            0.9699713587760925,
            0.9699564576148987,
            0.9535585045814514,
            0.9737945199012756,
            0.9718857407569885,
            0.9691107869148254,
            0.9704124331474304,
            0.9705618619918823,
            0.9562098383903503,
            0.9768621921539307,
            0.9547153115272522,
            0.9738532900810242,
            0.9682421088218689,
            0.9707200527191162,
            0.968982994556427,
            0.972839891910553,
            0.9744547605514526
        ],
        "val_recall": [
            0.8925595283508301,
            0.9565476179122925,
            0.9608631134033203,
            0.9410714507102966,
            0.9677083492279053,
            0.9671130776405334,
            0.9617559313774109,
            0.9663690328598022,
            0.9665178656578064,
            0.9520833492279053,
            0.973809540271759,
            0.9505952596664429,
            0.9699404835700989,
            0.9663690328598022,
            0.9669643044471741,
            0.9669643044471741,
            0.9700892567634583,
            0.9706845283508301
        ]
    }
}