{
    "model_name": "VGG19",
    "epochs": 75,
    "batch_size": 16,
    "learning_rate": 0.001,
    "fine_tune": false,
    "timestamp": "2025-02-14 12:54:38",
    "train_val_split": "Training (80%) | Validation (20%)",
    "training_history": {
        "loss": [
            0.9165918827056885,
            0.10508948564529419,
            0.04704461619257927,
            0.027522733435034752,
            0.019772188737988472,
            0.014801623299717903,
            0.01171161886304617,
            0.010562959127128124,
            0.00807486567646265,
            0.009492862038314342,
            0.0068249329924583435,
            0.008025945164263248,
            0.005020338110625744
        ],
        "accuracy": [
            0.8325892686843872,
            0.9852306842803955,
            0.9923363327980042,
            0.995312511920929,
            0.9963913559913635,
            0.9972842335700989,
            0.9971354007720947,
            0.9976562261581421,
            0.9980654716491699,
            0.9977678656578064,
            0.9985119104385376,
            0.9980282783508301,
            0.998846709728241
        ],
        "precision": [
            0.988880455493927,
            0.9915835857391357,
            0.9947614669799805,
            0.9964572191238403,
            0.996907114982605,
            0.9977280497550964,
            0.9973571300506592,
            0.9978041648864746,
            0.9983254075050354,
            0.9979902505874634,
            0.9986974596977234,
            0.9981392621994019,
            0.9989581108093262
        ],
        "recall": [
            0.5822916626930237,
            0.973028302192688,
            0.9890252947807312,
            0.9940476417541504,
            0.9952753186225891,
            0.9965773820877075,
            0.9968006014823914,
            0.9973958134651184,
            0.9980282783508301,
            0.9975818395614624,
            0.9983258843421936,
            0.9978050589561462,
            0.9987351298332214
        ],
        "val_loss": [
            0.22974464297294617,
            0.10918624699115753,
            0.0562044195830822,
            0.06398085504770279,
            0.03431933373212814,
            0.03757370263338089,
            0.019850675016641617,
            0.04253194481134415,
            0.073441281914711,
            0.054344505071640015,
            0.03708994761109352,
            0.04830445349216461,
            0.02718866802752018
        ],
        "val_accuracy": [
            0.9563987851142883,
            0.9757440686225891,
            0.988095223903656,
            0.9825893044471741,
            0.9910714030265808,
            0.9900297522544861,
            0.9950892925262451,
            0.9904761910438538,
            0.9773809313774109,
            0.9885416626930237,
            0.9897321462631226,
            0.9861606955528259,
            0.9933035969734192
        ],
        "val_precision": [
            0.9842832088470459,
            0.9835148453712463,
            0.9939858913421631,
            0.9859260320663452,
            0.9929777383804321,
            0.9916418194770813,
            0.9965702295303345,
            0.992834746837616,
            0.9799700975418091,
            0.9900059700012207,
            0.9910488128662109,
            0.987766683101654,
            0.994188666343689
        ],
        "val_recall": [
            0.9226190447807312,
            0.9677083492279053,
            0.983779788017273,
            0.9799107313156128,
            0.9889881014823914,
            0.9886904954910278,
            0.9944940209388733,
            0.9897321462631226,
            0.975595235824585,
            0.9876487851142883,
            0.9885416626930237,
            0.9852678775787354,
            0.9928571581840515
        ]
    }
}