{
    "model_name": "VGG16",
    "epochs": 75,
    "batch_size": 16,
    "learning_rate": 0.001,
    "fine_tune": false,
    "timestamp": "2025-02-14 12:23:16",
    "train_val_split": "Training (80%) | Validation (20%)",
    "training_history": {
        "loss": [
            0.9373791217803955,
            0.11584845930337906,
            0.04616587609052658,
            0.02700849436223507,
            0.01688329689204693,
            0.013000737875699997,
            0.011045649647712708,
            0.007775598671287298,
            0.007863305509090424,
            0.006441070698201656,
            0.005820520222187042,
            0.005386338569223881,
            0.00401039095595479,
            0.003886948339641094,
            0.005257712211459875,
            0.003848310559988022,
            0.003927207086235285,
            0.0031066739466041327,
            0.003454962745308876,
            0.003912867046892643,
            0.0029497824143618345,
            0.004895241465419531,
            0.0020367209799587727,
            0.00264447252266109,
            0.00238003209233284,
            0.0026603564620018005,
            0.0030964072793722153
        ],
        "accuracy": [
            0.817373514175415,
            0.984747052192688,
            0.9942708611488342,
            0.9956473112106323,
            0.9973586201667786,
            0.9974702596664429,
            0.9975074529647827,
            0.9984002709388733,
            0.9982143044471741,
            0.9985862970352173,
            0.9988095164299011,
            0.9987351298332214,
            0.9989211559295654,
            0.9991443157196045,
            0.9984002709388733,
            0.9989211559295654,
            0.9987351298332214,
            0.9993303418159485,
            0.999032735824585,
            0.9986607432365417,
            0.999032735824585,
            0.9985491037368774,
            0.9994791746139526,
            0.9991815686225891,
            0.9993303418159485,
            0.9993675351142883,
            0.9991443157196045
        ],
        "precision": [
            0.9862298369407654,
            0.9921934604644775,
            0.9962223172187805,
            0.9966435432434082,
            0.9980254173278809,
            0.9979890584945679,
            0.9978403449058533,
            0.9986973404884338,
            0.9984369277954102,
            0.9986976981163025,
            0.9989581108093262,
            0.9988834857940674,
            0.9990324974060059,
            0.9991814494132996,
            0.9985858798027039,
            0.9989954233169556,
            0.9988094568252563,
            0.9993674755096436,
            0.9990326166152954,
            0.9987722039222717,
            0.9991813898086548,
            0.9985490441322327,
            0.9995163679122925,
            0.9991815090179443,
            0.9993675351142883,
            0.9993675351142883,
            0.9991814494132996
        ],
        "recall": [
            0.5622023940086365,
            0.9693080186843872,
            0.9908854365348816,
            0.9941964149475098,
            0.9965773820877075,
            0.9969866275787354,
            0.9969494342803955,
            0.9982514977455139,
            0.9980654716491699,
            0.9985491037368774,
            0.9987351298332214,
            0.9985119104385376,
            0.9987723231315613,
            0.9990699291229248,
            0.9982886910438538,
            0.9988839030265808,
            0.9987351298332214,
            0.9992559552192688,
            0.9989211559295654,
            0.9986607432365417,
            0.9989955425262451,
            0.9985119104385376,
            0.9994791746139526,
            0.9991443157196045,
            0.9992931485176086,
            0.9992931485176086,
            0.9990699291229248
        ],
        "val_loss": [
            0.26828673481941223,
            0.10625553131103516,
            0.061532147228717804,
            0.04901823028922081,
            0.04597943276166916,
            0.03217737376689911,
            0.023612724617123604,
            0.029674330726265907,
            0.026302574202418327,
            0.03161085769534111,
            0.03567913919687271,
            0.01598990522325039,
            0.023868229240179062,
            0.03147902339696884,
            0.013477358035743237,
            0.0226284172385931,
            0.018751738592982292,
            0.018942607566714287,
            0.012317470274865627,
            0.014461883343756199,
            0.009691259823739529,
            0.014218258671462536,
            0.015850357711315155,
            0.011908164247870445,
            0.015954267233610153,
            0.013398921117186546,
            0.01639549247920513
        ],
        "val_accuracy": [
            0.9491071701049805,
            0.9787202477455139,
            0.9869047403335571,
            0.9877976179122925,
            0.9869047403335571,
            0.9916666746139526,
            0.9927083253860474,
            0.9916666746139526,
            0.9921131134033203,
            0.9891369342803955,
            0.987500011920929,
            0.9956845045089722,
            0.992559552192688,
            0.9885416626930237,
            0.9953868985176086,
            0.9936012029647827,
            0.9946428537368774,
            0.994940459728241,
            0.9956845045089722,
            0.9953868985176086,
            0.9967262148857117,
            0.9955357313156128,
            0.9950892925262451,
            0.9964285492897034,
            0.9952380657196045,
            0.9953868985176086,
            0.9953868985176086
        ],
        "val_precision": [
            0.9827473759651184,
            0.9902483820915222,
            0.9920348525047302,
            0.9916142821311951,
            0.9898264408111572,
            0.9934328198432922,
            0.9950746297836304,
            0.993435800075531,
            0.9941747784614563,
            0.990459144115448,
            0.9899880290031433,
            0.9967208504676819,
            0.994036078453064,
            0.9897152781486511,
            0.9962747693061829,
            0.9944866895675659,
            0.995529055595398,
            0.9956793785095215,
            0.9965733289718628,
            0.9965727925300598,
            0.9976162314414978,
            0.9962753057479858,
            0.9955317378044128,
            0.996573805809021,
            0.9955337047576904,
            0.9961268901824951,
            0.9961280822753906
        ],
        "val_recall": [
            0.8985118865966797,
            0.9671130776405334,
            0.9822916388511658,
            0.9854166507720947,
            0.9845238327980042,
            0.9904761910438538,
            0.9921131134033203,
            0.9909226298332214,
            0.9904761910438538,
            0.9886904954910278,
            0.9858630895614624,
            0.9950892925262451,
            0.9921131134033203,
            0.988095223903656,
            0.994940459728241,
            0.993154764175415,
            0.9940476417541504,
            0.9944940209388733,
            0.9953868985176086,
            0.9952380657196045,
            0.9964285492897034,
            0.9950892925262451,
            0.9946428537368774,
            0.9955357313156128,
            0.9950892925262451,
            0.9950892925262451,
            0.9953868985176086
        ]
    }
}