{
    "model_name": "BasicCNN",
    "epochs": 1,
    "batch_size": 16,
    "learning_rate": 0.001,
    "fine_tune": false,
    "timestamp": "2025-02-12 20:55:31",
    "train_val_split": "Training (80%) | Validation (20%)",
    "training_history": {
        "loss": [
            3.8131332397460938
        ],
        "accuracy": [
            0.046916667371988297
        ],
        "precision": [
            0.08724832534790039
        ],
        "recall": [
            0.002166666556149721
        ],
        "val_loss": [
            3.452030897140503
        ],
        "val_accuracy": [
            0.06800000369548798
        ],
        "val_precision": [
            0.0
        ],
        "val_recall": [
            0.0
        ]
    }
}