{
    "model_name": "VGG16",
    "epochs": 100,
    "batch_size": 16,
    "learning_rate": 0.001,
    "fine_tune": false,
    "timestamp": "2025-02-07 14:13:43",
    "train_val_split": "Training (80%) | Validation (20%)",
    "training_history": {
        "loss": [
            0.8586628437042236,
            0.17740498483181,
            0.09719490259885788,
            0.06980658322572708,
            0.05233068764209747,
            0.04269130527973175,
            0.03965563327074051,
            0.0325995571911335,
            0.03145076707005501,
            0.029063832014799118,
            0.027387481182813644,
            0.024988913908600807,
            0.024585014209151268,
            0.023407170549035072,
            0.02327599562704563,
            0.019158000126481056,
            0.020082760602235794,
            0.020501069724559784,
            0.01891503296792507
        ],
        "accuracy": [
            0.793791651725769,
            0.9562708139419556,
            0.9748333096504211,
            0.9811041951179504,
            0.9851458072662354,
            0.9880625009536743,
            0.9877916574478149,
            0.9900833368301392,
            0.9904999732971191,
            0.9910208582878113,
            0.9912916421890259,
            0.991895854473114,
            0.992229163646698,
            0.99197918176651,
            0.9924166798591614,
            0.9934999942779541,
            0.9935833215713501,
            0.9937291741371155,
            0.9936249852180481
        ],
        "precision": [
            0.9685176014900208,
            0.9752145409584045,
            0.9822143316268921,
            0.9851621389389038,
            0.9880985021591187,
            0.9898121356964111,
            0.9895879030227661,
            0.9914349317550659,
            0.9914804697036743,
            0.992149829864502,
            0.9919674396514893,
            0.9927600026130676,
            0.992968738079071,
            0.9927414059638977,
            0.9930755496025085,
            0.9939952492713928,
            0.9939122200012207,
            0.9941411018371582,
            0.9940991401672363
        ],
        "recall": [
            0.5697708129882812,
            0.9303749799728394,
            0.9664375185966492,
            0.9765625,
            0.9824374914169312,
            0.9857291579246521,
            0.9860625267028809,
            0.9887291789054871,
            0.9892083406448364,
            0.9900208115577698,
            0.9905208349227905,
            0.9912708401679993,
            0.9915000200271606,
            0.9915624856948853,
            0.9919583201408386,
            0.9932083487510681,
            0.9931874871253967,
            0.9933333396911621,
            0.9932500123977661
        ],
        "val_loss": [
            0.29366156458854675,
            0.1509595364332199,
            0.10542820394039154,
            0.09746067970991135,
            0.0754660815000534,
            0.08738908916711807,
            0.08586903661489487,
            0.08412840217351913,
            0.059313684701919556,
            0.05789414793252945,
            0.07036464661359787,
            0.08559516072273254,
            0.06015495955944061,
            0.040734805166721344,
            0.09677830338478088,
            0.06005977466702461,
            0.05112383887171745,
            0.060357995331287384,
            0.05191751569509506
        ],
        "val_accuracy": [
            0.934333324432373,
            0.9610000252723694,
            0.969083309173584,
            0.9725833535194397,
            0.9769166707992554,
            0.9732499718666077,
            0.972000002861023,
            0.9721666574478149,
            0.9815833568572998,
            0.9827499985694885,
            0.9797499775886536,
            0.9774166941642761,
            0.9824166893959045,
            0.9881666898727417,
            0.9695833325386047,
            0.9832500219345093,
            0.9863333106040955,
            0.9810000061988831,
            0.9863333106040955
        ],
        "val_precision": [
            0.9660924673080444,
            0.9723978638648987,
            0.9778944849967957,
            0.9785906672477722,
            0.9805319905281067,
            0.9759691953659058,
            0.9755790829658508,
            0.9761844873428345,
            0.9842677712440491,
            0.985025942325592,
            0.9829031229019165,
            0.9795064926147461,
            0.9840434193611145,
            0.9894710183143616,
            0.9718180298805237,
            0.9841442108154297,
            0.9874801635742188,
            0.9829545617103577,
            0.9870660901069641
        ],
        "val_recall": [
            0.8880000114440918,
            0.9482499957084656,
            0.9621666669845581,
            0.9674999713897705,
            0.9737499952316284,
            0.9713333249092102,
            0.96875,
            0.9700833559036255,
            0.9801666736602783,
            0.981249988079071,
            0.9773333072662354,
            0.9758333563804626,
            0.9815833568572998,
            0.9867500066757202,
            0.968416690826416,
            0.9827499985694885,
            0.9859166741371155,
            0.9803333282470703,
            0.9857500195503235
        ]
    }
}