{
    "model_name": "BasicCNN",
    "epochs": 75,
    "batch_size": 16,
    "learning_rate": 0.001,
    "fine_tune": false,
    "timestamp": "2025-02-04 15:34:10",
    "train_val_split": "Training (80%) | Validation (20%)",
    "training_history": {
        "loss": [
            3.6316781044006348,
            3.2031161785125732,
            2.650782346725464,
            1.940050482749939,
            1.3086872100830078,
            1.0341503620147705,
            0.8932694792747498,
            0.8134633898735046,
            0.7769481539726257,
            0.7586204409599304,
            0.7076714634895325,
            0.6874389052391052,
            0.6702269911766052,
            0.6522252559661865,
            0.6472844481468201,
            0.6149775385856628,
            0.6139715313911438,
            0.6270720362663269,
            0.591016411781311,
            0.6178244352340698,
            0.6053503751754761,
            0.5916833281517029
        ],
        "accuracy": [
            0.057374998927116394,
            0.08895833045244217,
            0.1849583387374878,
            0.40674999356269836,
            0.653166651725769,
            0.768916666507721,
            0.8210833072662354,
            0.8512083292007446,
            0.8645416498184204,
            0.8744166493415833,
            0.887624979019165,
            0.8900416493415833,
            0.8966249823570251,
            0.9033750295639038,
            0.9047083258628845,
            0.9121666550636292,
            0.9105833172798157,
            0.9106249809265137,
            0.9182916879653931,
            0.9126666784286499,
            0.9181666374206543,
            0.9202916622161865
        ],
        "precision": [
            0.34419262409210205,
            0.5261875987052917,
            0.5199063420295715,
            0.6483611464500427,
            0.7607649564743042,
            0.8301625847816467,
            0.8628650903701782,
            0.8823027610778809,
            0.8935016393661499,
            0.8986364006996155,
            0.9099898934364319,
            0.9104216694831848,
            0.9161918759346008,
            0.9217814207077026,
            0.9217044711112976,
            0.9278684258460999,
            0.9264769554138184,
            0.9262535572052002,
            0.9336374402046204,
            0.9295264482498169,
            0.9340881705284119,
            0.935775101184845
        ],
        "recall": [
            0.010125000029802322,
            0.017999999225139618,
            0.04625000059604645,
            0.21841666102409363,
            0.5270833373069763,
            0.699999988079071,
            0.7754999995231628,
            0.8186666369438171,
            0.8375833630561829,
            0.8485000133514404,
            0.862708330154419,
            0.8681250214576721,
            0.8777499794960022,
            0.8848333358764648,
            0.8868333101272583,
            0.8956249952316284,
            0.8952083587646484,
            0.8943750262260437,
            0.9039166569709778,
            0.8980000019073486,
            0.9040416479110718,
            0.9070000052452087
        ],
        "val_loss": [
            3.307244062423706,
            2.8103268146514893,
            2.4383416175842285,
            1.2513302564620972,
            1.2462900876998901,
            0.7682652473449707,
            0.824055016040802,
            0.6180578470230103,
            0.556934654712677,
            0.6287383437156677,
            0.8413313627243042,
            0.7651749849319458,
            0.6728283166885376,
            0.49555888772010803,
            0.5081863403320312,
            0.5688937306404114,
            0.4734809696674347,
            0.6255899667739868,
            0.5681335926055908,
            0.5381375551223755,
            0.5521227717399597,
            0.8367940783500671
        ],
        "val_accuracy": [
            0.07599999755620956,
            0.16216666996479034,
            0.27950000762939453,
            0.684333324432373,
            0.7059999704360962,
            0.8568333387374878,
            0.8403333425521851,
            0.9231666922569275,
            0.9384999871253967,
            0.9056666493415833,
            0.8351666927337646,
            0.8773333430290222,
            0.9010000228881836,
            0.949999988079071,
            0.9415000081062317,
            0.9231666922569275,
            0.9508333206176758,
            0.8951666951179504,
            0.9196666479110718,
            0.9319999814033508,
            0.9290000200271606,
            0.8428333401679993
        ],
        "val_precision": [
            0.8776978254318237,
            0.659217894077301,
            0.7345132827758789,
            0.8408800959587097,
            0.8207868933677673,
            0.9064654111862183,
            0.8807657361030579,
            0.9424847960472107,
            0.9546313881874084,
            0.9251947999000549,
            0.8620017766952515,
            0.8935511708259583,
            0.9138936400413513,
            0.966471791267395,
            0.9498645067214966,
            0.9334920644760132,
            0.9633231163024902,
            0.9175401926040649,
            0.9349733591079712,
            0.9426285028457642,
            0.9444158673286438,
            0.8675519824028015
        ],
        "val_recall": [
            0.02033333294093609,
            0.03933333232998848,
            0.08299999684095383,
            0.43950000405311584,
            0.6014999747276306,
            0.8108333349227905,
            0.8051666617393494,
            0.9039999842643738,
            0.9258333444595337,
            0.890500009059906,
            0.8109999895095825,
            0.8659999966621399,
            0.8880000114440918,
            0.9368333220481873,
            0.9346666932106018,
            0.9146666526794434,
            0.9411666393280029,
            0.875333309173584,
            0.9058333039283752,
            0.9228333234786987,
            0.9175000190734863,
            0.8274999856948853
        ]
    }
}