{
    "model_name": "InceptionV3",
    "epochs": 75,
    "batch_size": 16,
    "learning_rate": 0.001,
    "fine_tune": false,
    "timestamp": "2025-02-04 13:44:08",
    "train_val_split": "Training (80%) | Validation (20%)",
    "training_history": {
        "loss": [
            0.29940736293792725,
            0.06947721540927887,
            0.05076778680086136,
            0.052171919494867325,
            0.03458845615386963,
            0.03778629004955292,
            0.0331089124083519,
            0.033154845237731934,
            0.03008042462170124
        ],
        "accuracy": [
            0.9225000143051147,
            0.9782500267028809,
            0.9828333258628845,
            0.9820833206176758,
            0.9884166717529297,
            0.987291693687439,
            0.9889166951179504,
            0.9891666769981384,
            0.9894999861717224
        ],
        "precision": [
            0.9740568399429321,
            0.9821031093597412,
            0.9847756028175354,
            0.9841183423995972,
            0.989520251750946,
            0.9881076812744141,
            0.9895703196525574,
            0.9896150231361389,
            0.9899511933326721
        ],
        "recall": [
            0.8713750243186951,
            0.9740416407585144,
            0.981041669845581,
            0.981124997138977,
            0.987500011920929,
            0.9866666793823242,
            0.9883333444595337,
            0.9886666536331177,
            0.9892500042915344
        ],
        "val_loss": [
            0.27614709734916687,
            0.0829671248793602,
            0.08206580579280853,
            0.05601469799876213,
            0.0617612823843956,
            0.0671137347817421,
            0.07013462483882904,
            0.08282899111509323,
            0.16862480342388153
        ],
        "val_accuracy": [
            0.9113333225250244,
            0.972000002861023,
            0.9773333072662354,
            0.981166660785675,
            0.9816666841506958,
            0.9789999723434448,
            0.9758333563804626,
            0.9745000004768372,
            0.9491666555404663
        ],
        "val_precision": [
            0.930168092250824,
            0.978615939617157,
            0.9795781970024109,
            0.9834226369857788,
            0.9824678301811218,
            0.9806214570999146,
            0.9779190421104431,
            0.976580798625946,
            0.9536212682723999
        ],
        "val_recall": [
            0.8946666717529297,
            0.968666672706604,
            0.9753333330154419,
            0.9788333177566528,
            0.9806666374206543,
            0.9783333539962769,
            0.9743333458900452,
            0.9729999899864197,
            0.9458333253860474
        ]
    }
}