{
    "model_name": "Xception",
    "epochs": 75,
    "batch_size": 16,
    "learning_rate": 0.001,
    "fine_tune": false,
    "timestamp": "2025-02-04 14:49:12",
    "train_val_split": "Training (80%) | Validation (20%)",
    "training_history": {
        "loss": [
            0.2161371409893036,
            0.04335948824882507,
            0.029743827879428864,
            0.023977942764759064,
            0.019871413707733154,
            0.019836431369185448,
            0.017491595819592476,
            0.023085225373506546,
            0.015470077283680439,
            0.011974293738603592,
            0.015335507690906525,
            0.014233446680009365,
            0.012442989274859428,
            0.014459434896707535,
            0.013725295662879944
        ],
        "accuracy": [
            0.9507499933242798,
            0.9863333106040955,
            0.9899583458900452,
            0.9918333292007446,
            0.9930833578109741,
            0.9928749799728394,
            0.9939166903495789,
            0.9927499890327454,
            0.9943749904632568,
            0.9964166879653931,
            0.9949583411216736,
            0.9957916736602783,
            0.9959583282470703,
            0.9957083463668823,
            0.9959583282470703
        ],
        "precision": [
            0.9836834073066711,
            0.9881211519241333,
            0.9911097884178162,
            0.9922836422920227,
            0.99336838722229,
            0.9934951066970825,
            0.9943288564682007,
            0.9929947257041931,
            0.9945812821388245,
            0.9966238737106323,
            0.995165228843689,
            0.9959160089492798,
            0.9960411787033081,
            0.995790958404541,
            0.9960825443267822
        ],
        "recall": [
            0.909333348274231,
            0.984333336353302,
            0.9894166588783264,
            0.9912499785423279,
            0.9923750162124634,
            0.9927499890327454,
            0.9935416579246521,
            0.9922500252723694,
            0.9942083358764648,
            0.9962916374206543,
            0.9948750138282776,
            0.9957500100135803,
            0.9959166646003723,
            0.9956250190734863,
            0.9958750009536743
        ],
        "val_loss": [
            0.10476434230804443,
            0.0773923322558403,
            0.12075112015008926,
            0.06732327491044998,
            0.06300024688243866,
            0.05908161401748657,
            0.09729508310556412,
            0.0964973121881485,
            0.05530305579304695,
            0.03625208139419556,
            0.06611406058073044,
            0.05169086158275604,
            0.1540016233921051,
            0.054910171777009964,
            0.09796325862407684
        ],
        "val_accuracy": [
            0.968666672706604,
            0.9764999747276306,
            0.9674999713897705,
            0.9818333387374878,
            0.9838333129882812,
            0.9828333258628845,
            0.9758333563804626,
            0.9789999723434448,
            0.9878333210945129,
            0.9894999861717224,
            0.9851666688919067,
            0.9884999990463257,
            0.9676666855812073,
            0.9869999885559082,
            0.9871666431427002
        ],
        "val_precision": [
            0.9752066135406494,
            0.9792503118515015,
            0.9701692461967468,
            0.984605073928833,
            0.9867804646492004,
            0.9844637513160706,
            0.9766355156898499,
            0.9804576635360718,
            0.9891449809074402,
            0.9906542301177979,
            0.985821545124054,
            0.9896494150161743,
            0.9705488681793213,
            0.9881449341773987,
            0.9876584410667419
        ],
        "val_recall": [
            0.9636666774749756,
            0.9753333330154419,
            0.9648333191871643,
            0.9806666374206543,
            0.9828333258628845,
            0.9821666479110718,
            0.9753333330154419,
            0.9783333539962769,
            0.9871666431427002,
            0.9893333315849304,
            0.9850000143051147,
            0.9879999756813049,
            0.9666666388511658,
            0.9863333106040955,
            0.9869999885559082
        ]
    }
}