{
    "model_name": "VGG19",
    "epochs": 75,
    "batch_size": 16,
    "learning_rate": 0.001,
    "fine_tune": false,
    "timestamp": "2025-02-08 19:36:34",
    "train_val_split": "Training (75%) | Validation (25%)",
    "training_history": {
        "loss": [
            0.9701555371284485,
            0.12524400651454926,
            0.05486541613936424,
            0.03312619403004646,
            0.022527853026986122,
            0.016872437670826912,
            0.011895389296114445,
            0.013170547783374786,
            0.010396395809948444,
            0.008553468622267246,
            0.00868152268230915,
            0.007441055960953236,
            0.008082980290055275,
            0.0069293067790567875,
            0.007009955123066902,
            0.005396008025854826
        ],
        "accuracy": [
            0.8195833563804626,
            0.9834166765213013,
            0.9922083616256714,
            0.9943333268165588,
            0.9956666827201843,
            0.9971250295639038,
            0.9981666803359985,
            0.997041642665863,
            0.9974583387374878,
            0.9979583621025085,
            0.9975833296775818,
            0.9982083439826965,
            0.9980833530426025,
            0.9983749985694885,
            0.9975833296775818,
            0.9986666440963745
        ],
        "precision": [
            0.9866728186607361,
            0.991338849067688,
            0.994878888130188,
            0.9957791566848755,
            0.9964926838874817,
            0.9975805878639221,
            0.9987068772315979,
            0.9972899556159973,
            0.9976654052734375,
            0.9980411529541016,
            0.9978740215301514,
            0.9982495903968811,
            0.9981659054756165,
            0.9984580874443054,
            0.9976663589477539,
            0.9988329410552979
        ],
        "recall": [
            0.5336666703224182,
            0.9681249856948853,
            0.987541675567627,
            0.9928333163261414,
            0.9944166541099548,
            0.9964583516120911,
            0.9975833296775818,
            0.996666669845581,
            0.9971250295639038,
            0.9977916479110718,
            0.9974166750907898,
            0.9980000257492065,
            0.9977499842643738,
            0.9982916712760925,
            0.9975416660308838,
            0.9984999895095825
        ],
        "val_loss": [
            0.2712278366088867,
            0.12811267375946045,
            0.07326686382293701,
            0.0599060095846653,
            0.06361362338066101,
            0.04736848548054695,
            0.0372433178126812,
            0.03553560748696327,
            0.022487862035632133,
            0.028741486370563507,
            0.046359315514564514,
            0.031076675280928612,
            0.026044704020023346,
            0.030518105253577232,
            0.03352969512343407,
            0.025121040642261505
        ],
        "val_accuracy": [
            0.9518333077430725,
            0.9745000004768372,
            0.984000027179718,
            0.9866666793823242,
            0.9831666946411133,
            0.9894999861717224,
            0.9898333549499512,
            0.9918333292007446,
            0.9933333396911621,
            0.9936666488647461,
            0.9933333396911621,
            0.9916666746139526,
            0.9933333396911621,
            0.9916666746139526,
            0.9901666641235352,
            0.9943333268165588
        ],
        "val_precision": [
            0.9858900308609009,
            0.9863013625144958,
            0.9905373454093933,
            0.9909456968307495,
            0.9872461557388306,
            0.992797315120697,
            0.9914801120758057,
            0.9941471815109253,
            0.9949891567230225,
            0.9954879879951477,
            0.994655966758728,
            0.9926568865776062,
            0.9956565499305725,
            0.992323100566864,
            0.9918156266212463,
            0.9954947233200073
        ],
        "val_recall": [
            0.9083333611488342,
            0.9599999785423279,
            0.9769999980926514,
            0.9850000143051147,
            0.9804999828338623,
            0.9878333210945129,
            0.9891666769981384,
            0.9908333420753479,
            0.9928333163261414,
            0.9928333163261414,
            0.9926666617393494,
            0.9913333058357239,
            0.9933333396911621,
            0.9909999966621399,
            0.9896666407585144,
            0.9943333268165588
        ]
    }
}