{
    "model_name": "BasicCNN",
    "epochs": 75,
    "batch_size": 16,
    "learning_rate": 0.001,
    "fine_tune": false,
    "timestamp": "2025-03-03 23:02:54",
    "train_val_split": "Training (80%) | Validation (20%)",
    "training_history": {
        "loss": [
            3.5819761753082275,
            2.899949789047241,
            2.2511696815490723,
            1.6758134365081787,
            1.3093070983886719,
            1.1242191791534424,
            1.0229332447052002,
            0.9496226906776428,
            0.9060887098312378,
            0.8425905704498291,
            0.83121657371521,
            0.7994548678398132,
            0.7863366007804871,
            0.7742824554443359,
            0.7472841143608093,
            0.7356448173522949,
            0.7193843126296997,
            0.70711350440979,
            0.7099389433860779,
            0.67265784740448,
            0.6886822581291199,
            0.6713196635246277,
            0.667411744594574,
            0.6663759350776672,
            0.6615511178970337,
            0.6523672342300415,
            0.6336665153503418,
            0.6468534469604492
        ],
        "accuracy": [
            0.08387000858783722,
            0.17734430730342865,
            0.36946728825569153,
            0.5792353749275208,
            0.7119830250740051,
            0.776942253112793,
            0.8121952414512634,
            0.8366898894309998,
            0.8498678207397461,
            0.8629341721534729,
            0.8710494041442871,
            0.8813237547874451,
            0.8824033141136169,
            0.8841901421546936,
            0.8907046914100647,
            0.8956557512283325,
            0.8990060687065125,
            0.9029892683029175,
            0.9017235636711121,
            0.9082381129264832,
            0.9068235158920288,
            0.9102110862731934,
            0.9107694625854492,
            0.9108811616897583,
            0.9127051830291748,
            0.9145665168762207,
            0.9206715822219849,
            0.9165394902229309
        ],
        "precision": [
            0.3669162690639496,
            0.5685096383094788,
            0.6983544230461121,
            0.7616784572601318,
            0.8046576380729675,
            0.8374847173690796,
            0.8597440719604492,
            0.8751533627510071,
            0.8845672011375427,
            0.8947641849517822,
            0.8985921144485474,
            0.9068445563316345,
            0.9089476466178894,
            0.9085260629653931,
            0.9141915440559387,
            0.9195253849029541,
            0.9196622967720032,
            0.9216956496238708,
            0.9241217970848083,
            0.9268491268157959,
            0.9265784621238708,
            0.9281356334686279,
            0.9291082620620728,
            0.9297451972961426,
            0.9304986596107483,
            0.9317067265510559,
            0.9353575706481934,
            0.9335774779319763
        ],
        "recall": [
            0.02006477303802967,
            0.07043144851922989,
            0.20537541806697845,
            0.4176004230976105,
            0.6032460927963257,
            0.7134348154067993,
            0.7628336548805237,
            0.796671986579895,
            0.8152849674224854,
            0.83400958776474,
            0.8434649705886841,
            0.8552283644676208,
            0.858802080154419,
            0.8599932789802551,
            0.8673640489578247,
            0.8741019368171692,
            0.8799836039543152,
            0.884674072265625,
            0.8813610076904297,
            0.8886200189590454,
            0.8888434171676636,
            0.8947250843048096,
            0.8928265571594238,
            0.8951345682144165,
            0.8961024284362793,
            0.898410439491272,
            0.9070841073989868,
            0.9015002250671387
        ],
        "val_loss": [
            2.861119508743286,
            2.364229440689087,
            1.8260420560836792,
            1.162205457687378,
            0.919350266456604,
            0.871873676776886,
            0.7337367534637451,
            0.730438768863678,
            0.747454047203064,
            0.6769688129425049,
            0.6825123429298401,
            0.6632478833198547,
            0.6420366764068604,
            0.6262995004653931,
            0.59237140417099,
            0.627297580242157,
            0.577643096446991,
            0.5548736453056335,
            0.580150306224823,
            0.5487374663352966,
            0.5338830947875977,
            0.7366769909858704,
            0.5595274567604065,
            0.5934200286865234,
            0.618550181388855,
            0.5455270409584045,
            0.5664780735969543,
            0.5461015105247498
        ],
        "val_accuracy": [
            0.2017870396375656,
            0.35055845975875854,
            0.5353685617446899,
            0.7819806337356567,
            0.8552494645118713,
            0.8704392910003662,
            0.9116902351379395,
            0.9027550220489502,
            0.887118399143219,
            0.9149664640426636,
            0.9154132604598999,
            0.918689489364624,
            0.9174981117248535,
            0.9247952103614807,
            0.9359642863273621,
            0.927773654460907,
            0.940282940864563,
            0.9401340484619141,
            0.9353685975074768,
            0.9453462362289429,
            0.946835458278656,
            0.8863738179206848,
            0.9518987536430359,
            0.937751293182373,
            0.9124348759651184,
            0.9504095315933228,
            0.936113178730011,
            0.9529411792755127
        ],
        "val_precision": [
            0.7801980376243591,
            0.9145658016204834,
            0.8953330516815186,
            0.932364821434021,
            0.9168278574943542,
            0.908012330532074,
            0.9419642686843872,
            0.9306018948554993,
            0.9182891845703125,
            0.9407033324241638,
            0.939772367477417,
            0.9345477223396301,
            0.9328404068946838,
            0.9407935738563538,
            0.9513888955116272,
            0.9445642232894897,
            0.9548791646957397,
            0.9527016878128052,
            0.9524399638175964,
            0.954110324382782,
            0.95595383644104,
            0.9198912978172302,
            0.9613805413246155,
            0.961448073387146,
            0.9249350428581238,
            0.9653152227401733,
            0.9485070109367371,
            0.961854100227356
        ],
        "val_recall": [
            0.058674607425928116,
            0.09724497050046921,
            0.29426658153533936,
            0.5830230712890625,
            0.7764706015586853,
            0.8320178985595703,
            0.8798213005065918,
            0.8726730942726135,
            0.8568875789642334,
            0.8883097767829895,
            0.8853313326835632,
            0.9015636444091797,
            0.9018614888191223,
            0.9039463996887207,
            0.9180938005447388,
            0.9134773015975952,
            0.9297096133232117,
            0.9268801212310791,
            0.9155621528625488,
            0.9350707530975342,
            0.9373045563697815,
            0.8567386269569397,
            0.9416232109069824,
            0.9136261940002441,
            0.9009679555892944,
            0.9325391054153442,
            0.9271779656410217,
            0.9425167441368103
        ]
    }
}