{
    "model_name": "DenseNet121",
    "epochs": 75,
    "batch_size": 16,
    "learning_rate": 0.001,
    "fine_tune": false,
    "timestamp": "2025-03-03 15:57:49",
    "train_val_split": "Training (80%) | Validation (20%)",
    "training_history": {
        "loss": [
            0.28281864523887634,
            0.07092910259962082,
            0.05081949383020401,
            0.04060088098049164,
            0.042612891644239426,
            0.030930954962968826,
            0.03018086589872837,
            0.028219331055879593,
            0.02636462263762951,
            0.027041394263505936,
            0.027287859469652176,
            0.020903337746858597,
            0.02441968396306038,
            0.02524392679333687,
            0.024878578260540962,
            0.0218147374689579,
            0.021668512374162674,
            0.021274901926517487,
            0.021238259971141815,
            0.02187332510948181,
            0.020011231303215027,
            0.02029293030500412
        ],
        "accuracy": [
            0.9281167387962341,
            0.9784834384918213,
            0.982541024684906,
            0.986003041267395,
            0.9855935573577881,
            0.989725649356842,
            0.9899117946624756,
            0.9907307624816895,
            0.9908796548843384,
            0.9909168481826782,
            0.9912891387939453,
            0.9930015206336975,
            0.9918847680091858,
            0.9918847680091858,
            0.9919964075088501,
            0.9927781820297241,
            0.9929643273353577,
            0.9927781820297241,
            0.9929643273353577,
            0.992815375328064,
            0.9935598969459534,
            0.9936343431472778
        ],
        "precision": [
            0.9759718775749207,
            0.9821776747703552,
            0.9853771924972534,
            0.9874211549758911,
            0.9869044423103333,
            0.9906036853790283,
            0.9905354380607605,
            0.9912065267562866,
            0.9913185834884644,
            0.9915781617164612,
            0.9918047785758972,
            0.9934438467025757,
            0.9921773076057434,
            0.9922890663146973,
            0.9924005270004272,
            0.9929991960525513,
            0.9932583570480347,
            0.9929617047309875,
            0.9932221174240112,
            0.9931458234786987,
            0.9936324954032898,
            0.9938921928405762
        ],
        "recall": [
            0.8784945607185364,
            0.9744630455970764,
            0.9808286428451538,
            0.9847745895385742,
            0.9847001433372498,
            0.9889811277389526,
            0.9895767569541931,
            0.9902840256690979,
            0.9904329180717468,
            0.9905446171760559,
            0.9911402463912964,
            0.9927781820297241,
            0.9915124773979187,
            0.9916241765022278,
            0.9916986227035522,
            0.992666482925415,
            0.9927037358283997,
            0.9925920367240906,
            0.992815375328064,
            0.9924803376197815,
            0.99333655834198,
            0.9934482574462891
        ],
        "val_loss": [
            0.09972087293863297,
            0.05517558753490448,
            0.05882645770907402,
            0.04889621213078499,
            0.03149847686290741,
            0.023645034059882164,
            0.033688902854919434,
            0.036828652024269104,
            0.026749083772301674,
            0.025904320180416107,
            0.019555585458874702,
            0.0957723930478096,
            0.04337380453944206,
            0.048366956412792206,
            0.013358625583350658,
            0.026011154055595398,
            0.020626962184906006,
            0.022990191355347633,
            0.025467604398727417,
            0.05346523970365524,
            0.02145473286509514,
            0.025711623951792717
        ],
        "val_accuracy": [
            0.972598671913147,
            0.980938196182251,
            0.980789303779602,
            0.9827252626419067,
            0.9882352948188782,
            0.9931496381759644,
            0.9882352948188782,
            0.9870439171791077,
            0.9924050569534302,
            0.9910647869110107,
            0.9928518533706665,
            0.9711094498634338,
            0.9845122694969177,
            0.9858525395393372,
            0.9947878122329712,
            0.9915115237236023,
            0.9930007457733154,
            0.9922561645507812,
            0.9913626313209534,
            0.9834698438644409,
            0.9931496381759644,
            0.9922561645507812
        ],
        "val_precision": [
            0.9794623851776123,
            0.9836777448654175,
            0.982936680316925,
            0.9847511053085327,
            0.989841639995575,
            0.9932935833930969,
            0.9888142943382263,
            0.9876211881637573,
            0.9926985502243042,
            0.9916554689407349,
            0.9934406876564026,
            0.9718163013458252,
            0.984803318977356,
            0.9867263436317444,
            0.9950841665267944,
            0.9922480583190918,
            0.9934406876564026,
            0.9925506711006165,
            0.9915052056312561,
            0.9844845533370972,
            0.9932975769042969,
            0.9922549724578857
        ],
        "val_recall": [
            0.965897262096405,
            0.9782576560974121,
            0.9779598116874695,
            0.980938196182251,
            0.986746072769165,
            0.9925540089607239,
            0.9873417615890503,
            0.9861503839492798,
            0.9921072125434875,
            0.9910647869110107,
            0.9924050569534302,
            0.9705137610435486,
            0.9843633770942688,
            0.9852569103240967,
            0.9947878122329712,
            0.9912136793136597,
            0.9924050569534302,
            0.9921072125434875,
            0.9907669425010681,
            0.9827252626419067,
            0.9931496381759644,
            0.9921072125434875
        ]
    }
}