{
    "model_name": "FusionModel",
    "epochs": 75,
    "batch_size": 16,
    "learning_rate": 0.001,
    "fine_tune": false,
    "timestamp": "2025-03-03 12:08:16",
    "train_val_split": "Training (80%) | Validation (20%)",
    "training_history": {
        "loss": [
            1.1458885669708252,
            0.5157954692840576,
            0.4230203926563263,
            0.3634604215621948,
            0.3426368236541748,
            0.326058030128479,
            0.3136198818683624,
            0.2970460057258606,
            0.29630568623542786,
            0.29093626141548157,
            0.27777665853500366,
            0.27648216485977173,
            0.27859169244766235,
            0.2574276924133301,
            0.26419177651405334,
            0.25319528579711914,
            0.25818246603012085,
            0.2498672604560852,
            0.2471829652786255,
            0.23843230307102203,
            0.2459050416946411,
            0.23406043648719788,
            0.24001741409301758,
            0.23862530291080475,
            0.23214687407016754
        ],
        "accuracy": [
            0.6367121934890747,
            0.8245914578437805,
            0.8574247360229492,
            0.8781595230102539,
            0.8846368789672852,
            0.8916353583335876,
            0.8960279822349548,
            0.9039571285247803,
            0.9039943218231201,
            0.9058928489685059,
            0.9082381129264832,
            0.9112161993980408,
            0.913189172744751,
            0.918921947479248,
            0.9171351194381714,
            0.9194058775901794,
            0.9192941784858704,
            0.9193686246871948,
            0.9217883348464966,
            0.9264415502548218,
            0.9242452383041382,
            0.9264043569564819,
            0.9267393946647644,
            0.9257715344429016,
            0.9264043569564819
        ],
        "precision": [
            0.835216760635376,
            0.8850696682929993,
            0.9000284671783447,
            0.9131821393966675,
            0.9167526364326477,
            0.9212152361869812,
            0.923982560634613,
            0.9293588995933533,
            0.9303651452064514,
            0.930528998374939,
            0.9316249489784241,
            0.9328210353851318,
            0.9353650212287903,
            0.9389457702636719,
            0.9377535581588745,
            0.9380998015403748,
            0.9366937279701233,
            0.9391636252403259,
            0.94150310754776,
            0.9448594450950623,
            0.941443145275116,
            0.9443803429603577,
            0.9434570670127869,
            0.9441901445388794,
            0.942826509475708
        ],
        "recall": [
            0.52000892162323,
            0.7754532098770142,
            0.8237724900245667,
            0.8528087139129639,
            0.8600677251815796,
            0.8714216351509094,
            0.8764471411705017,
            0.8849719166755676,
            0.8867959380149841,
            0.888545572757721,
            0.8931988477706909,
            0.8947623372077942,
            0.8980382084846497,
            0.9051111340522766,
            0.9034731984138489,
            0.9060417413711548,
            0.9055206179618835,
            0.906265139579773,
            0.9089081883430481,
            0.9134497046470642,
            0.9121096134185791,
            0.9139708876609802,
            0.914938747882843,
            0.9138219952583313,
            0.9159066081047058
        ],
        "val_loss": [
            0.23165546357631683,
            0.16284909844398499,
            0.11655842512845993,
            0.11448509246110916,
            0.09969513863325119,
            0.08897773921489716,
            0.09023090451955795,
            0.07267287373542786,
            0.08232937008142471,
            0.06320510059595108,
            0.05863625556230545,
            0.0617675855755806,
            0.05192893370985985,
            0.0451078787446022,
            0.05707891285419464,
            0.049333613365888596,
            0.06467285007238388,
            0.03863231837749481,
            0.04425523802638054,
            0.050667695701122284,
            0.051356952637434006,
            0.048040036112070084,
            0.04443648084998131,
            0.05097634345293045,
            0.046708106994628906
        ],
        "val_accuracy": [
            0.9355174899101257,
            0.9425167441368103,
            0.964259147644043,
            0.9588980078697205,
            0.965897262096405,
            0.9682799577713013,
            0.972598671913147,
            0.9734922051429749,
            0.9727475643157959,
            0.980938196182251,
            0.9746835231781006,
            0.9798957705497742,
            0.9843633770942688,
            0.9828741550445557,
            0.9812360405921936,
            0.9837676882743835,
            0.976768434047699,
            0.9885331392288208,
            0.9854058027267456,
            0.9834698438644409,
            0.9813849329948425,
            0.9827252626419067,
            0.9837676882743835,
            0.9819806218147278,
            0.9836187362670898
        ],
        "val_precision": [
            0.9694337248802185,
            0.959679901599884,
            0.9808428883552551,
            0.9745232462882996,
            0.9777103662490845,
            0.9774070978164673,
            0.9816277027130127,
            0.9817193150520325,
            0.982148289680481,
            0.9877569675445557,
            0.9810412526130676,
            0.9858284592628479,
            0.9904991984367371,
            0.9890258312225342,
            0.9900075793266296,
            0.9881417155265808,
            0.9835818409919739,
            0.9921945333480835,
            0.9900796413421631,
            0.9885817170143127,
            0.9863466024398804,
            0.9888771772384644,
            0.9876950979232788,
            0.9882706999778748,
            0.9897636771202087
        ],
        "val_recall": [
            0.8973938822746277,
            0.9286671876907349,
            0.9530900716781616,
            0.9513030648231506,
            0.9602382779121399,
            0.9599404335021973,
            0.9627699255943298,
            0.967684268951416,
            0.9667907953262329,
            0.9731943607330322,
            0.9709605574607849,
            0.9737900495529175,
            0.9781087040901184,
            0.9797468185424805,
            0.9737900495529175,
            0.9803425073623657,
            0.9724497199058533,
            0.9843633770942688,
            0.980938196182251,
            0.9798957705497742,
            0.9790022373199463,
            0.9797468185424805,
            0.9801936149597168,
            0.9787043929100037,
            0.9791511297225952
        ]
    }
}