{
    "model_name": "MobileNet",
    "epochs": 75,
    "batch_size": 16,
    "learning_rate": 0.001,
    "fine_tune": false,
    "timestamp": "2025-03-03 18:46:44",
    "train_val_split": "Training (80%) | Validation (20%)",
    "training_history": {
        "loss": [
            0.1855342984199524,
            0.033725399523973465,
            0.02694127894937992,
            0.021597299724817276,
            0.02151450887322426,
            0.019682960584759712,
            0.017737988382577896,
            0.01649242267012596,
            0.018058421090245247,
            0.01640348508954048,
            0.014191738329827785,
            0.016576755791902542,
            0.012082869186997414,
            0.010730118490755558,
            0.011547308415174484,
            0.014410032890737057,
            0.010850912891328335,
            0.008831816725432873,
            0.012093950062990189,
            0.011638501659035683,
            0.010662836953997612,
            0.011751215904951096,
            0.009956682100892067,
            0.01289300061762333,
            0.011638547293841839,
            0.01158232893794775,
            0.011849415488541126,
            0.009047470055520535,
            0.009730533696711063,
            0.01445683091878891
        ],
        "accuracy": [
            0.9539887309074402,
            0.9898373484611511,
            0.9911402463912964,
            0.9930015206336975,
            0.9931132197380066,
            0.9934854507446289,
            0.9942672252655029,
            0.9945650100708008,
            0.9948256015777588,
            0.9945278167724609,
            0.9955328702926636,
            0.9950489401817322,
            0.9962401986122131,
            0.9963146448135376,
            0.9960540533065796,
            0.9954956769943237,
            0.9969847202301025,
            0.997319757938385,
            0.9968357682228088,
            0.9963146448135376,
            0.9967241287231445,
            0.9966868758201599,
            0.9969102740287781,
            0.9964262843132019,
            0.997059166431427,
            0.9969847202301025,
            0.9969102740287781,
            0.9976919889450073,
            0.9973569512367249,
            0.996016800403595
        ],
        "precision": [
            0.9843224287033081,
            0.9910824298858643,
            0.9919123649597168,
            0.9933683276176453,
            0.9936293959617615,
            0.9938910603523254,
            0.99471116065979,
            0.9947864413261414,
            0.9950470924377441,
            0.9946756958961487,
            0.9957177639007568,
            0.9952331185340881,
            0.9963511824607849,
            0.9965366721153259,
            0.9961652755737305,
            0.9957546591758728,
            0.9970958232879639,
            0.9973939061164856,
            0.9968726634979248,
            0.9963884353637695,
            0.9967983365058899,
            0.9967238903045654,
            0.9969842433929443,
            0.996648907661438,
            0.9970962405204773,
            0.9970589280128479,
            0.996910035610199,
            0.9976919889450073,
            0.9973940849304199,
            0.996016800403595
        ],
        "recall": [
            0.9255481362342834,
            0.9887949824333191,
            0.9907307624816895,
            0.9925548434257507,
            0.9928526282310486,
            0.9932621121406555,
            0.9941927790641785,
            0.9944161176681519,
            0.9946767091751099,
            0.9944905638694763,
            0.9954212307929993,
            0.9948256015777588,
            0.9961657524108887,
            0.9961657524108887,
            0.9960540533065796,
            0.9953839778900146,
            0.9969102740287781,
            0.9972825050354004,
            0.9967613220214844,
            0.9962029457092285,
            0.9967241287231445,
            0.9966496825218201,
            0.9968357682228088,
            0.9964262843132019,
            0.997059166431427,
            0.9969847202301025,
            0.9968357682228088,
            0.9976919889450073,
            0.9973569512367249,
            0.996016800403595
        ],
        "val_loss": [
            0.0425570011138916,
            0.050888240337371826,
            0.028974473476409912,
            0.010513534769415855,
            0.01273020077496767,
            0.01941656693816185,
            0.01407881360501051,
            0.025674568489193916,
            0.008514764718711376,
            0.00921548344194889,
            0.02522554062306881,
            0.0065652900375425816,
            0.01659143716096878,
            0.004352784715592861,
            0.030333640053868294,
            0.004334899131208658,
            0.018552633002400398,
            0.009076478891074657,
            0.02218242734670639,
            0.009645294398069382,
            0.022891197353601456,
            0.007554939948022366,
            0.003149386728182435,
            0.010437129065394402,
            0.013806702569127083,
            0.014365235343575478,
            0.010540922172367573,
            0.010125964879989624,
            0.034501757472753525,
            0.009274858981370926
        ],
        "val_accuracy": [
            0.9862993359565735,
            0.9827252626419067,
            0.9901712536811829,
            0.9973194599151611,
            0.9961280822753906,
            0.9937453269958496,
            0.9940431714057922,
            0.9921072125434875,
            0.9979150891304016,
            0.9968726634979248,
            0.993447482585907,
            0.9973194599151611,
            0.9944899678230286,
            0.9986597299575806,
            0.991660475730896,
            0.9986597299575806,
            0.9930007457733154,
            0.9977661967277527,
            0.9940431714057922,
            0.9970216155052185,
            0.9949367046356201,
            0.9976173043251038,
            0.9991064667701721,
            0.9967237710952759,
            0.9961280822753906,
            0.9962769746780396,
            0.995830237865448,
            0.9968726634979248,
            0.9930007457733154,
            0.9967237710952759
        ],
        "val_precision": [
            0.9889304637908936,
            0.9834402799606323,
            0.9907586574554443,
            0.9973186254501343,
            0.9962753057479858,
            0.9940396547317505,
            0.9943385124206543,
            0.992401659488678,
            0.9979150891304016,
            0.9970198273658752,
            0.993447482585907,
            0.9974672198295593,
            0.9947846531867981,
            0.9986597299575806,
            0.9921025037765503,
            0.9986597299575806,
            0.9934436082839966,
            0.9977661967277527,
            0.9941903948783875,
            0.9970216155052185,
            0.994935929775238,
            0.9976169466972351,
            0.999106228351593,
            0.9967227578163147,
            0.9962764382362366,
            0.9962764382362366,
            0.9962753057479858,
            0.9970211386680603,
            0.9930007457733154,
            0.9967237710952759
        ],