{
    "model_name": "NASNetMobile",
    "epochs": 75,
    "batch_size": 16,
    "learning_rate": 0.001,
    "fine_tune": false,
    "timestamp": "2025-03-03 15:07:24",
    "train_val_split": "Training (80%) | Validation (20%)",
    "training_history": {
        "loss": [
            0.4321233928203583,
            0.14313286542892456,
            0.11293826997280121,
            0.09166927635669708,
            0.08205436170101166,
            0.08036097884178162,
            0.07176140695810318,
            0.07085127383470535,
            0.06740771979093552,
            0.0638122484087944,
            0.05700569599866867,
            0.061853863298892975,
            0.0567387156188488,
            0.05412742495536804,
            0.057592280209064484,
            0.05400947481393814,
            0.05337652564048767
        ],
        "accuracy": [
            0.8809887170791626,
            0.9536164999008179,
            0.9613222479820251,
            0.9685068726539612,
            0.9728250503540039,
            0.9730111956596375,
            0.9761754274368286,
            0.9759520292282104,
            0.9784834384918213,
            0.9784461855888367,
            0.980791449546814,
            0.9797863364219666,
            0.9811264276504517,
            0.9814614653587341,
            0.980381965637207,
            0.9821687936782837,
            0.9817593097686768
        ],
        "precision": [
            0.9546810388565063,
            0.9641105532646179,
            0.9680217504501343,
            0.9734795689582825,
            0.9769037365913391,
            0.9762547016143799,
            0.9783161282539368,
            0.9782072305679321,
            0.9803086519241333,
            0.9804587960243225,
            0.9822708368301392,
            0.9815229773521423,
            0.9830831289291382,
            0.9831286668777466,
            0.981424868106842,
            0.9838366508483887,
            0.9830223917961121
        ],
        "recall": [
            0.8100733160972595,
            0.9440122246742249,
            0.9555894732475281,
            0.9647098183631897,
            0.9699214696884155,
            0.9703309535980225,
            0.974128007888794,
            0.9741652011871338,
            0.97665935754776,
            0.9768455028533936,
            0.9796746373176575,
            0.9788556694984436,
            0.9799724817276001,
            0.9804936051368713,
            0.9794884920120239,
            0.9811264276504517,
            0.9807169437408447
        ],
        "val_loss": [
            0.22731634974479675,
            0.1748441606760025,
            0.11775476485490799,
            0.17421241104602814,
            0.09885278344154358,
            0.08445095270872116,
            0.08845271915197372,
            0.0778588056564331,
            0.06463703513145447,
            0.06335587799549103,
            0.06352286040782928,
            0.08972639590501785,
            0.06430788338184357,
            0.07920272648334503,
            0.08683422207832336,
            0.06906180083751678,
            0.07505843788385391
        ],
        "val_accuracy": [
            0.9247952103614807,
            0.9413253664970398,
            0.9566642045974731,
            0.9407297372817993,
            0.9650037288665771,
            0.9688756465911865,
            0.9696202278137207,
            0.9758749008178711,
            0.9781087040901184,
            0.9775130152702332,
            0.978406548500061,
            0.9690245985984802,
            0.9776619672775269,
            0.9720029830932617,
            0.9709605574607849,
            0.9766194820404053,
            0.974385678768158
        ],
        "val_precision": [
            0.9445562958717346,
            0.9521996974945068,
            0.9610819220542908,
            0.9513341188430786,
            0.969355583190918,
            0.9718815684318542,
            0.9735973477363586,
            0.9775583744049072,
            0.9792413115501404,
            0.9796528816223145,
            0.9795522093772888,
            0.9704124331474304,
            0.9795369505882263,
            0.9738689064979553,
            0.9720895290374756,
            0.9786311984062195,
            0.9756534695625305
        ],
        "val_recall": [
            0.9082650542259216,
            0.9314966201782227,
            0.9524944424629211,
            0.9344750642776489,
            0.9609828591346741,
            0.967684268951416,
            0.9664929509162903,
            0.9730454087257385,
            0.9764705896377563,
            0.9751303195953369,
            0.9773641228675842,
            0.9670885801315308,
            0.9766194820404053,
            0.9712584018707275,
            0.9699180722236633,
            0.9752792119979858,
            0.9727475643157959
        ]
    }
}