{
    "model_name": "VGG19",
    "epochs": 75,
    "batch_size": 16,
    "learning_rate": 0.001,
    "fine_tune": false,
    "timestamp": "2025-03-03 14:28:01",
    "train_val_split": "Training (80%) | Validation (20%)",
    "training_history": {
        "loss": [
            1.474388837814331,
            0.3802735507488251,
            0.2200513482093811,
            0.15271054208278656,
            0.12071403861045837,
            0.103141650557518,
            0.08668605983257294,
            0.07396635413169861,
            0.06877749413251877,
            0.05922110751271248,
            0.05489024147391319,
            0.05218007415533066,
            0.04945359006524086,
            0.042294204235076904,
            0.04574175551533699,
            0.04027263820171356,
            0.03679545223712921,
            0.04126885533332825,
            0.03425713628530502,
            0.035705965012311935,
            0.03350053355097771,
            0.031941868364810944,
            0.03213084861636162,
            0.0301512498408556,
            0.029429463669657707,
            0.02601182647049427,
            0.02985052950680256,
            0.025208426639437675
        ],
        "accuracy": [
            0.6688382029533386,
            0.9169489741325378,
            0.9452406764030457,
            0.9613222479820251,
            0.9667572379112244,
            0.9702192544937134,
            0.9756914973258972,
            0.9781855940818787,
            0.9799352288246155,
            0.9823549389839172,
            0.9839556217193604,
            0.9843651056289673,
            0.9847373962402344,
            0.9875665307044983,
            0.9868220090866089,
            0.9880132675170898,
            0.989204466342926,
            0.9866358637809753,
            0.989353358745575,
            0.9886088967323303,
            0.989874541759491,
            0.9900978803634644,
            0.989874541759491,
            0.9898000955581665,
            0.9905446171760559,
            0.9921825528144836,
            0.990135133266449,
            0.9927781820297241
        ],
        "precision": [
            0.9826522469520569,
            0.9747249484062195,
            0.9722431898117065,
            0.9759876728057861,
            0.9789280891418457,
            0.9794213771820068,
            0.9837087988853455,
            0.9839949011802673,
            0.9844577312469482,
            0.9870168566703796,
            0.9877802133560181,
            0.9880484342575073,
            0.9884544610977173,
            0.9900553226470947,
            0.9890044331550598,
            0.9899476766586304,
            0.9907749891281128,
            0.988864004611969,
            0.9912617802619934,
            0.9907355308532715,
            0.9913767576217651,
            0.9917503595352173,
            0.991449773311615,
            0.9915621280670166,
            0.9918990731239319,
            0.9932119846343994,
            0.9911603331565857,
            0.9937355518341064
        ],
        "recall": [
            0.31418681144714355,
            0.8211666345596313,
            0.9114395380020142,
            0.9426348805427551,
            0.9546216130256653,
            0.9602799415588379,
            0.968804657459259,
            0.972676157951355,
            0.9761754274368286,
            0.9791907072067261,
            0.9809775352478027,
            0.9817220568656921,
            0.9816104173660278,
            0.9858168959617615,
            0.9844023585319519,
            0.986151933670044,
            0.9875293374061584,
            0.9850724339485168,
            0.9881621599197388,
            0.9872687458992004,
            0.9886088967323303,
            0.9890183806419373,
            0.9884971976280212,
            0.9886460900306702,
            0.9890928268432617,
            0.9913263320922852,
            0.9892417192459106,
            0.9920708537101746
        ],
        "val_loss": [
            0.6127700805664062,
            0.30202630162239075,
            0.21417324244976044,
            0.1569763720035553,
            0.15093959867954254,
            0.10626832395792007,
            0.10841073840856552,
            0.09165666997432709,
            0.1059454157948494,
            0.08930115401744843,
            0.0973198264837265,
            0.06516338139772415,
            0.06406550109386444,
            0.11684057116508484,
            0.04401545971632004,
            0.06992196291685104,
            0.04918075352907181,
            0.054960623383522034,
            0.04093347117304802,
            0.03294073045253754,
            0.0317830815911293,
            0.039148248732089996,
            0.04455588385462761,
            0.03723503649234772,
            0.04065544158220291,
            0.042022623121738434,
            0.039509519934654236,
            0.035430800169706345
        ],
        "val_accuracy": [
            0.8509307503700256,
            0.9224125146865845,
            0.9398362040519714,
            0.9575576782226562,
            0.9548771381378174,
            0.9708116054534912,
            0.964259147644043,
            0.9728965163230896,
            0.9624720811843872,
            0.9723008275032043,
            0.9669396877288818,
            0.9794489741325378,
            0.9810871481895447,
            0.9624720811843872,
            0.9865971803665161,
            0.9763216972351074,
            0.9834698438644409,
            0.9815338850021362,
            0.9882352948188782,
            0.9897245168685913,
            0.9895755648612976,
            0.9870439171791077,
            0.9860014915466309,
            0.9885331392288208,
            0.9861503839492798,
            0.9865971803665161,
            0.986746072769165,
            0.9895755648612976
        ],
        "val_precision": [
            0.966481626033783,
            0.9677205681800842,
            0.9623942375183105,
            0.9737532734870911,
            0.9706605076789856,
            0.9806843996047974,
            0.9715539216995239,
            0.9801755547523499,
            0.9715453386306763,
            0.9762227535247803,
            0.9722055196762085,
            0.9828880429267883,
            0.9848507642745972,
            0.9699622392654419,
            0.9881807565689087,
            0.9791760444641113,
            0.9865208864212036,
            0.9842814207077026,
            0.9899940490722656,
            0.9908819198608398,
            0.9908873438835144,
            0.9887892603874207,
            0.9870149493217468,
            0.990143358707428,
            0.98774653673172,
            0.9877575635910034,
            0.988207221031189,
            0.9913342595100403
        ],
        "val_recall": [
            0.6741623282432556,
            0.8705882430076599,
            0.9146686792373657,
            0.9392405152320862,
            0.9410275220870972,
            0.9602382779121399,
            0.9562174081802368,
            0.9645569324493408,
            0.9559195637702942,
            0.966046154499054,
            0.9636634588241577,
            0.9751303195953369,
            0.9778108596801758,
            0.9569620490074158,
            0.9836187362670898,
            0.9733432531356812,
            0.980938196182251,
            0.9791511297225952,
            0.9871928691864014,
            0.9871928691864014,
            0.9877885580062866,
            0.985107958316803,
            0.9848101139068604,
            0.9873417615890503,
            0.9843633770942688,
            0.9852569103240967,
            0.9858525395393372,
            0.9880864024162292
        ]
    }
}