{
    "model_name": "VGG16",
    "epochs": 75,
    "batch_size": 16,
    "learning_rate": 0.001,
    "fine_tune": false,
    "timestamp": "2025-03-03 13:26:21",
    "train_val_split": "Training (80%) | Validation (20%)",
    "training_history": {
        "loss": [
            1.2194525003433228,
            0.26808857917785645,
            0.14166778326034546,
            0.09382728487253189,
            0.06948181986808777,
            0.05512755364179611,
            0.046150658279657364,
            0.04047735035419464,
            0.03772417828440666,
            0.031571388244628906,
            0.030477073043584824,
            0.027473917230963707,
            0.024789750576019287,
            0.024501487612724304,
            0.021914668381214142,
            0.020351851359009743,
            0.020924508571624756,
            0.01785810850560665,
            0.018877163529396057,
            0.018652187660336494,
            0.017790112644433975,
            0.01664665713906288,
            0.01640886254608631,
            0.015178157947957516,
            0.015561867505311966,
            0.014850308187305927,
            0.015169540420174599,
            0.014051448553800583,
            0.01513979397714138,
            0.013476812280714512,
            0.013170630671083927,
            0.013800892978906631
        ],
        "accuracy": [
            0.7327550649642944,
            0.9470275044441223,
            0.9685068726539612,
            0.9781111478805542,
            0.9840673208236694,
            0.986151933670044,
            0.9880504608154297,
            0.989353358745575,
            0.989353358745575,
            0.9909168481826782,
            0.9915124773979187,
            0.9923314452171326,
            0.9931132197380066,
            0.9921453595161438,
            0.9933738112449646,
            0.9939693808555603,
            0.9935598969459534,
            0.9944533109664917,
            0.9941927790641785,
            0.9948627948760986,
            0.9943044185638428,
            0.9943416714668274,
            0.9950117468833923,
            0.9953095316886902,
            0.9951606392860413,
            0.9953839778900146,
            0.9953467845916748,
            0.9954584240913391,
            0.9952350854873657,
            0.9954212307929993,
            0.9962029457092285,
            0.9956818222999573
        ],
        "precision": [
            0.9858244061470032,
            0.980318009853363,
            0.9820584654808044,
            0.9855330586433411,
            0.9889307022094727,
            0.9902818202972412,
            0.991015613079071,
            0.9914724826812744,
            0.990993320941925,
            0.9925682544708252,
            0.9929064512252808,
            0.9936564564704895,
            0.9943642020225525,
            0.9931361079216003,
            0.9944788217544556,
            0.994668185710907,
            0.9942959547042847,
            0.995191216468811,
            0.9948562979698181,
            0.9955267310142517,
            0.9950417280197144,
            0.9949319958686829,
            0.9957137703895569,
            0.9959381222724915,
            0.995529055595398,
            0.9957537055015564,
            0.9959017634391785,
            0.995864987373352,
            0.9956048727035522,
            0.996012806892395,
            0.9964612722396851,
            0.9962366819381714
        ],
        "recall": [
            0.4142128527164459,
            0.888136088848114,
            0.9515690803527832,
            0.9687302112579346,
            0.9777761101722717,
            0.9824665784835815,
            0.9854819178581238,
            0.9868220090866089,
            0.9871198534965515,
            0.9893906116485596,
            0.9900234341621399,
            0.9912891387939453,
            0.9917730689048767,
            0.9910658001899719,
            0.9923686981201172,
            0.993075966835022,
            0.992815375328064,
            0.9938204884529114,
            0.993597149848938,
            0.9941555261611938,
            0.993597149848938,
            0.9938949346542358,
            0.9944905638694763,
            0.9949000477790833,
            0.9946767091751099,
            0.9951606392860413,
            0.9950861930847168,
            0.9951606392860413,
            0.9950489401817322,
            0.9950117468833923,
            0.9958307147026062,
            0.9953095316886902
        ],
        "val_loss": [
            0.4561234414577484,
            0.22584591805934906,
            0.1287112534046173,
            0.0970422625541687,
            0.07306467741727829,
            0.08156128972768784,
            0.06229035183787346,
            0.043984465301036835,
            0.04818881303071976,
            0.0448184609413147,
            0.054265134036540985,
            0.03268423676490784,
            0.02897842414677143,
            0.03953082859516144,
            0.027086343616247177,
            0.02672722190618515,
            0.029283277690410614,
            0.029203660786151886,
            0.025717871263623238,
            0.02249620482325554,
            0.03433506563305855,
            0.01927829720079899,
            0.023369895294308662,
            0.02540011517703533,
            0.01601293310523033,
            0.024944743141531944,
            0.018560905009508133,
            0.016318101435899734,
            0.061617735773324966,
            0.01911846734583378,
            0.017246101051568985,
            0.01788986660540104
        ],
        "val_accuracy": [
            0.9091585874557495,
            0.948622465133667,
            0.970215916633606,
            0.9757260084152222,
            0.9810871481895447,
            0.9736410975456238,
            0.9804914593696594,
            0.986746072769165,
            0.9862993359565735,
            0.9871928691864014,
            0.9834698438644409,
            0.9907669425010681,
            0.9921072125434875,
            0.9879374504089355,
            0.9924050569534302,
            0.9919583201408386,
            0.9906179904937744,
            0.9918093681335449,
            0.993447482585907,
            0.9924050569534302,
            0.9880864024162292,
            0.9940431714057922,
            0.9927029013633728,
            0.9913626313209534,
            0.9953834414482117,
            0.9912136793136597,
            0.9940431714057922,
            0.9950856566429138,
            0.9778108596801758,
            0.9938942790031433,
            0.9943410158157349,
            0.9943410158157349
        ],
        "val_precision": [
            0.9820178151130676,
            0.9746233224868774,
            0.9840613007545471,
            0.9848278164863586,
            0.9882157444953918,
            0.9802829623222351,
            0.9861778616905212,
            0.9903990626335144,
            0.9890718460083008,
            0.9889287948608398,
            0.9872391819953918,
            0.9937116503715515,
            0.9932805895805359,
            0.9910152554512024,
            0.9941747784614563,
            0.9935773015022278,
            0.9913471341133118,
            0.9925417900085449,
            0.9940307140350342,
            0.9944735169410706,
            0.989841639995575,
            0.9955217242240906,
            0.9932916164398193,
            0.9919475317001343,
            0.9964194893836975,
            0.9920907616615295,
            0.9943342804908752,
            0.995530366897583,
            0.9796832799911499,
            0.9943385124206543,
            0.9949299097061157,
            0.9947831034660339
        ],