{
    "model_name": "VGG16",
    "epochs": 100,
    "batch_size": 16,
    "learning_rate": 0.001,
    "fine_tune": false,
    "timestamp": "2025-02-08 15:37:29",
    "train_val_split": "Training (80%) | Validation (20%)",
    "training_history": {
        "loss": [
            0.2712351679801941,
            0.013076196424663067,
            0.007579593453556299,
            0.005320250056684017,
            0.004291200079023838,
            0.003951816353946924,
            0.004007395822554827,
            0.0037501449696719646,
            0.003229999216273427,
            0.003775157267227769,
            0.003902734024450183,
            0.0030218360479921103,
            0.0028905277140438557,
            0.0025559496134519577,
            0.002610551891848445,
            0.0025500389747321606,
            0.0026209705974906683,
            0.0024636206217110157,
            0.002540114801377058,
            0.002876431215554476,
            0.0022609038278460503,
            0.0021271435543894768,
            0.0029220925644040108,
            0.0022571557201445103,
            0.002910358365625143,
            0.002104802057147026,
            0.002206493867561221,
            0.0019695600494742393,
            0.002053978852927685,
            0.002029681345447898,
            0.002332931151613593,
            0.00257103587500751
        ],
        "accuracy": [
            0.9549624919891357,
            0.9975625276565552,
            0.998199999332428,
            0.9985625147819519,
            0.9988124966621399,
            0.998787522315979,
            0.9988250136375427,
            0.9987124800682068,
            0.9989749789237976,
            0.9987499713897705,
            0.9987249970436096,
            0.9989500045776367,
            0.9990500211715698,
            0.9992750287055969,
            0.9991499781608582,
            0.9991124868392944,
            0.9992499947547913,
            0.999287486076355,
            0.9993000030517578,
            0.9992374777793884,
            0.9992125034332275,
            0.9993500113487244,
            0.9991375207901001,
            0.9994750022888184,
            0.9990875124931335,
            0.9994875192642212,
            0.9994375109672546,
            0.9993374943733215,
            0.9994750022888184,
            0.999287486076355,
            0.999412477016449,
            0.9991875290870667
        ],
        "precision": [
            0.9952865839004517,
            0.9979482293128967,
            0.9983243942260742,
            0.9987372159957886,
            0.998874843120575,
            0.998874843120575,
            0.9988749027252197,
            0.9987624287605286,
            0.9990374445915222,
            0.9987874627113342,
            0.9987748861312866,
            0.9989874362945557,
            0.9990874528884888,
            0.9992749691009521,
            0.9991999268531799,
            0.9991250038146973,
            0.9992499947547913,
            0.9993249773979187,
            0.9993124604225159,
            0.9992874264717102,
            0.9992374777793884,
            0.9993624687194824,
            0.9991499781608582,
            0.9995124936103821,
            0.9990999698638916,
            0.9994875192642212,
            0.9994375109672546,
            0.9993499517440796,
            0.9994750022888184,
            0.999287486076355,
            0.999412477016449,
            0.9991874694824219
        ],
        "recall": [
            0.881600022315979,
            0.9970874786376953,
            0.9979749917984009,
            0.9984999895095825,
            0.9987124800682068,
            0.9987375140190125,
            0.998787522315979,
            0.9987000226974487,
            0.9989500045776367,
            0.9987375140190125,
            0.9987000226974487,
            0.998912513256073,
            0.999037504196167,
            0.9992625117301941,
            0.9991375207901001,
            0.9991124868392944,
            0.9992374777793884,
            0.9992625117301941,
            0.9992625117301941,
            0.9992250204086304,
            0.9992125034332275,
            0.9993500113487244,
            0.9991375207901001,
            0.9994750022888184,
            0.9990749955177307,
            0.9994875192642212,
            0.9994375109672546,
            0.9993000030517578,
            0.9994750022888184,
            0.999287486076355,
            0.999412477016449,
            0.9991750121116638
        ],
        "val_loss": [
            0.037167277187108994,
            0.017615782096982002,
            0.009892512112855911,
            0.00838010199368,
            0.11349299550056458,
            0.05563654750585556,
            0.003122776048257947,
            0.003105140756815672,
            0.004502789117395878,
            0.003759118728339672,
            0.0027767326682806015,
            0.003450090065598488,
            0.00207362393848598,
            0.004460551775991917,
            0.004320529755204916,
            0.0014389618299901485,
            0.0021112975664436817,
            0.0031465180218219757,
            0.013716126792132854,
            0.002065869979560375,
            0.003412742167711258,
            0.0008961457060649991,
            0.011842379346489906,
            0.007053283043205738,
            0.01884046010673046,
            0.010832724161446095,
            0.0016273495275527239,
            0.04191895201802254,
            0.003906132886186242,
            0.004442770034074783,
            0.02822861261665821,
            0.0015748710138723254
        ],
        "val_accuracy": [
            0.9920499920845032,
            0.9954500198364258,
            0.9971500039100647,
            0.9977499842643738,
            0.9834499955177307,
            0.9818500280380249,
            0.9991499781608582,
            0.9989500045776367,
            0.9987499713897705,
            0.9987999796867371,
            0.9991499781608582,
            0.9984999895095825,
            0.9991499781608582,
            0.9984999895095825,
            0.9987499713897705,
            0.9995499849319458,
            0.9991999864578247,
            0.9991000294685364,
            0.9955000281333923,
            0.9993000030517578,
            0.9988999962806702,
            0.9997000098228455,
            0.9958500266075134,
            0.998199999332428,
            0.9948999881744385,
            0.9968500137329102,
            0.9994000196456909,
            0.9862499833106995,
            0.9987999796867371,
            0.9987499713897705,
            0.991599977016449,
            0.9993000030517578
        ],
        "val_precision": [
            0.9948194622993469,
            0.9961444139480591,
            0.9973481297492981,
            0.9978492259979248,
            0.9836442470550537,
            0.9823252558708191,
            0.9991499781608582,
            0.9989999532699585,
            0.9987499713897705,
            0.9988998174667358,
            0.9991499781608582,
            0.9984999895095825,
            0.9991999864578247,
            0.9985997080802917,
            0.9987998008728027,
            0.9995499849319458,
            0.9991999864578247,
            0.9991499185562134,
            0.9956493377685547,
            0.9993499517440796,
            0.9988999366760254,
            0.9997000098228455,
            0.995949387550354,
            0.9981999397277832,
            0.9949992299079895,
            0.9968500137329102,
            0.9993999600410461,
            0.9863486289978027,
            0.9987998604774475,
            0.9987999200820923,
            0.9917479157447815,
            0.9993499517440796
        ],